mpg,cylinders,displacement,horsepower,weight,acceleration,model_year,origin,name,mean_imputed_mpg,mean_imputed_cylinders,mean_imputed_displacement,mean_imputed_weight,mean_imputed_acceleration,mean_imputed_model_year,mean_imputed_origin,median_imputed_mpg,median_imputed_cylinders,median_imputed_displacement,median_imputed_weight,median_imputed_acceleration,median_imputed_model_year,median_imputed_origin,constant_imputed_mpg,constant_imputed_cylinders,constant_imputed_displacement,constant_imputed_weight,constant_imputed_acceleration,constant_imputed_model_year,constant_imputed_origin,most_frequent_imputed_horsepower,most_frequent_imputed_name,constant_imputed_horsepower,constant_imputed_name,custom_value_imputed_horsepower,custom_value_imputed_name
18.0,8,307.0,130,3504,12.0,70,1,chevrolet chevelle malibu,18.0,8.0,307.0,3504.0,12.0,70.0,1.0,18.0,8.0,307.0,3504.0,12.0,70.0,1.0,18.0,8.0,307.0,3504.0,12.0,70.0,1.0,130,chevrolet chevelle malibu,130,chevrolet chevelle malibu,130,chevrolet chevelle malibu
15.0,8,350.0,165,3693,11.5,70,1,buick skylark 320,15.0,8.0,350.0,3693.0,11.5,70.0,1.0,15.0,8.0,350.0,3693.0,11.5,70.0,1.0,15.0,8.0,350.0,3693.0,11.5,70.0,1.0,165,buick skylark 320,165,buick skylark 320,165,buick skylark 320
18.0,8,318.0,150,3436,11.0,70,1,plymouth satellite,18.0,8.0,318.0,3436.0,11.0,70.0,1.0,18.0,8.0,318.0,3436.0,11.0,70.0,1.0,18.0,8.0,318.0,3436.0,11.0,70.0,1.0,150,plymouth satellite,150,plymouth satellite,150,plymouth satellite
16.0,8,304.0,150,3433,12.0,70,1,amc rebel sst,16.0,8.0,304.0,3433.0,12.0,70.0,1.0,16.0,8.0,304.0,3433.0,12.0,70.0,1.0,16.0,8.0,304.0,3433.0,12.0,70.0,1.0,150,amc rebel sst,150,amc rebel sst,150,amc rebel sst
17.0,8,302.0,140,3449,10.5,70,1,ford torino,17.0,8.0,302.0,3449.0,10.5,70.0,1.0,17.0,8.0,302.0,3449.0,10.5,70.0,1.0,17.0,8.0,302.0,3449.0,10.5,70.0,1.0,140,ford torino,140,ford torino,140,ford torino
15.0,8,429.0,198,4341,10.0,70,1,ford galaxie 500,15.0,8.0,429.0,4341.0,10.0,70.0,1.0,15.0,8.0,429.0,4341.0,10.0,70.0,1.0,15.0,8.0,429.0,4341.0,10.0,70.0,1.0,198,ford galaxie 500,198,ford galaxie 500,198,ford galaxie 500
14.0,8,454.0,220,4354,9.0,70,1,chevrolet impala,14.0,8.0,454.0,4354.0,9.0,70.0,1.0,14.0,8.0,454.0,4354.0,9.0,70.0,1.0,14.0,8.0,454.0,4354.0,9.0,70.0,1.0,220,chevrolet impala,220,chevrolet impala,220,chevrolet impala
14.0,8,440.0,215,4312,8.5,70,1,plymouth fury iii,14.0,8.0,440.0,4312.0,8.5,70.0,1.0,14.0,8.0,440.0,4312.0,8.5,70.0,1.0,14.0,8.0,440.0,4312.0,8.5,70.0,1.0,215,plymouth fury iii,215,plymouth fury iii,215,plymouth fury iii
14.0,8,455.0,225,4425,10.0,70,1,pontiac catalina,14.0,8.0,455.0,4425.0,10.0,70.0,1.0,14.0,8.0,455.0,4425.0,10.0,70.0,1.0,14.0,8.0,455.0,4425.0,10.0,70.0,1.0,225,pontiac catalina,225,pontiac catalina,225,pontiac catalina
15.0,8,390.0,190,3850,8.5,70,1,amc ambassador dpl,15.0,8.0,390.0,3850.0,8.5,70.0,1.0,15.0,8.0,390.0,3850.0,8.5,70.0,1.0,15.0,8.0,390.0,3850.0,8.5,70.0,1.0,190,amc ambassador dpl,190,amc ambassador dpl,190,amc ambassador dpl
15.0,8,383.0,170,3563,10.0,70,1,dodge challenger se,15.0,8.0,383.0,3563.0,10.0,70.0,1.0,15.0,8.0,383.0,3563.0,10.0,70.0,1.0,15.0,8.0,383.0,3563.0,10.0,70.0,1.0,170,dodge challenger se,170,dodge challenger se,170,dodge challenger se
14.0,8,340.0,160,3609,8.0,70,1,plymouth 'cuda 340,14.0,8.0,340.0,3609.0,8.0,70.0,1.0,14.0,8.0,340.0,3609.0,8.0,70.0,1.0,14.0,8.0,340.0,3609.0,8.0,70.0,1.0,160,plymouth 'cuda 340,160,plymouth 'cuda 340,160,plymouth 'cuda 340
15.0,8,400.0,150,3761,9.5,70,1,chevrolet monte carlo,15.0,8.0,400.0,3761.0,9.5,70.0,1.0,15.0,8.0,400.0,3761.0,9.5,70.0,1.0,15.0,8.0,400.0,3761.0,9.5,70.0,1.0,150,chevrolet monte carlo,150,chevrolet monte carlo,150,chevrolet monte carlo
14.0,8,455.0,225,3086,10.0,70,1,buick estate wagon (sw),14.0,8.0,455.0,3086.0,10.0,70.0,1.0,14.0,8.0,455.0,3086.0,10.0,70.0,1.0,14.0,8.0,455.0,3086.0,10.0,70.0,1.0,225,buick estate wagon (sw),225,buick estate wagon (sw),225,buick estate wagon (sw)
24.0,4,113.0,95,2372,15.0,70,3,toyota corona mark ii,24.0,4.0,113.0,2372.0,15.0,70.0,3.0,24.0,4.0,113.0,2372.0,15.0,70.0,3.0,24.0,4.0,113.0,2372.0,15.0,70.0,3.0,95,toyota corona mark ii,95,toyota corona mark ii,95,toyota corona mark ii
22.0,6,198.0,95,2833,15.5,70,1,plymouth duster,22.0,6.0,198.0,2833.0,15.5,70.0,1.0,22.0,6.0,198.0,2833.0,15.5,70.0,1.0,22.0,6.0,198.0,2833.0,15.5,70.0,1.0,95,plymouth duster,95,plymouth duster,95,plymouth duster
18.0,6,199.0,97,2774,15.5,70,1,amc hornet,18.0,6.0,199.0,2774.0,15.5,70.0,1.0,18.0,6.0,199.0,2774.0,15.5,70.0,1.0,18.0,6.0,199.0,2774.0,15.5,70.0,1.0,97,amc hornet,97,amc hornet,97,amc hornet
21.0,6,200.0,85,2587,16.0,70,1,ford maverick,21.0,6.0,200.0,2587.0,16.0,70.0,1.0,21.0,6.0,200.0,2587.0,16.0,70.0,1.0,21.0,6.0,200.0,2587.0,16.0,70.0,1.0,85,ford maverick,85,ford maverick,85,ford maverick
27.0,4,97.0,88,2130,14.5,70,3,datsun pl510,27.0,4.0,97.0,2130.0,14.5,70.0,3.0,27.0,4.0,97.0,2130.0,14.5,70.0,3.0,27.0,4.0,97.0,2130.0,14.5,70.0,3.0,88,datsun pl510,88,datsun pl510,88,datsun pl510
26.0,4,97.0,46,1835,20.5,70,2,volkswagen 1131 deluxe sedan,26.0,4.0,97.0,1835.0,20.5,70.0,2.0,26.0,4.0,97.0,1835.0,20.5,70.0,2.0,26.0,4.0,97.0,1835.0,20.5,70.0,2.0,46,volkswagen 1131 deluxe sedan,46,volkswagen 1131 deluxe sedan,46,volkswagen 1131 deluxe sedan
25.0,4,110.0,87,2672,17.5,70,2,peugeot 504,25.0,4.0,110.0,2672.0,17.5,70.0,2.0,25.0,4.0,110.0,2672.0,17.5,70.0,2.0,25.0,4.0,110.0,2672.0,17.5,70.0,2.0,87,peugeot 504,87,peugeot 504,87,peugeot 504
24.0,4,107.0,90,2430,14.5,70,2,audi 100 ls,24.0,4.0,107.0,2430.0,14.5,70.0,2.0,24.0,4.0,107.0,2430.0,14.5,70.0,2.0,24.0,4.0,107.0,2430.0,14.5,70.0,2.0,90,audi 100 ls,90,audi 100 ls,90,audi 100 ls
25.0,4,104.0,95,2375,17.5,70,2,saab 99e,25.0,4.0,104.0,2375.0,17.5,70.0,2.0,25.0,4.0,104.0,2375.0,17.5,70.0,2.0,25.0,4.0,104.0,2375.0,17.5,70.0,2.0,95,saab 99e,95,saab 99e,95,saab 99e
26.0,4,121.0,113,2234,12.5,70,2,bmw 2002,26.0,4.0,121.0,2234.0,12.5,70.0,2.0,26.0,4.0,121.0,2234.0,12.5,70.0,2.0,26.0,4.0,121.0,2234.0,12.5,70.0,2.0,113,bmw 2002,113,bmw 2002,113,bmw 2002
21.0,6,199.0,90,2648,15.0,70,1,amc gremlin,21.0,6.0,199.0,2648.0,15.0,70.0,1.0,21.0,6.0,199.0,2648.0,15.0,70.0,1.0,21.0,6.0,199.0,2648.0,15.0,70.0,1.0,90,amc gremlin,90,amc gremlin,90,amc gremlin
10.0,8,360.0,215,4615,14.0,70,1,ford f250,10.0,8.0,360.0,4615.0,14.0,70.0,1.0,10.0,8.0,360.0,4615.0,14.0,70.0,1.0,10.0,8.0,360.0,4615.0,14.0,70.0,1.0,215,ford f250,215,ford f250,215,ford f250
10.0,8,307.0,200,4376,15.0,70,1,chevy c20,10.0,8.0,307.0,4376.0,15.0,70.0,1.0,10.0,8.0,307.0,4376.0,15.0,70.0,1.0,10.0,8.0,307.0,4376.0,15.0,70.0,1.0,200,chevy c20,200,chevy c20,200,chevy c20
11.0,8,318.0,210,4382,13.5,70,1,dodge d200,11.0,8.0,318.0,4382.0,13.5,70.0,1.0,11.0,8.0,318.0,4382.0,13.5,70.0,1.0,11.0,8.0,318.0,4382.0,13.5,70.0,1.0,210,dodge d200,210,dodge d200,210,dodge d200
9.0,8,304.0,193,4732,18.5,70,1,hi 1200d,9.0,8.0,304.0,4732.0,18.5,70.0,1.0,9.0,8.0,304.0,4732.0,18.5,70.0,1.0,9.0,8.0,304.0,4732.0,18.5,70.0,1.0,193,hi 1200d,193,hi 1200d,193,hi 1200d
27.0,4,97.0,88,2130,14.5,71,3,datsun pl510,27.0,4.0,97.0,2130.0,14.5,71.0,3.0,27.0,4.0,97.0,2130.0,14.5,71.0,3.0,27.0,4.0,97.0,2130.0,14.5,71.0,3.0,88,datsun pl510,88,datsun pl510,88,datsun pl510
28.0,4,140.0,90,2264,15.5,71,1,chevrolet vega 2300,28.0,4.0,140.0,2264.0,15.5,71.0,1.0,28.0,4.0,140.0,2264.0,15.5,71.0,1.0,28.0,4.0,140.0,2264.0,15.5,71.0,1.0,90,chevrolet vega 2300,90,chevrolet vega 2300,90,chevrolet vega 2300
25.0,4,113.0,95,2228,14.0,71,3,toyota corona,25.0,4.0,113.0,2228.0,14.0,71.0,3.0,25.0,4.0,113.0,2228.0,14.0,71.0,3.0,25.0,4.0,113.0,2228.0,14.0,71.0,3.0,95,toyota corona,95,toyota corona,95,toyota corona
25.0,4,98.0,?,2046,19.0,71,1,ford pinto,25.0,4.0,98.0,2046.0,19.0,71.0,1.0,25.0,4.0,98.0,2046.0,19.0,71.0,1.0,25.0,4.0,98.0,2046.0,19.0,71.0,1.0,?,ford pinto,?,ford pinto,?,ford pinto
19.0,6,232.0,100,2634,13.0,71,1,amc gremlin,19.0,6.0,232.0,2634.0,13.0,71.0,1.0,19.0,6.0,232.0,2634.0,13.0,71.0,1.0,19.0,6.0,232.0,2634.0,13.0,71.0,1.0,100,amc gremlin,100,amc gremlin,100,amc gremlin
16.0,6,225.0,105,3439,15.5,71,1,plymouth satellite custom,16.0,6.0,225.0,3439.0,15.5,71.0,1.0,16.0,6.0,225.0,3439.0,15.5,71.0,1.0,16.0,6.0,225.0,3439.0,15.5,71.0,1.0,105,plymouth satellite custom,105,plymouth satellite custom,105,plymouth satellite custom
17.0,6,250.0,100,3329,15.5,71,1,chevrolet chevelle malibu,17.0,6.0,250.0,3329.0,15.5,71.0,1.0,17.0,6.0,250.0,3329.0,15.5,71.0,1.0,17.0,6.0,250.0,3329.0,15.5,71.0,1.0,100,chevrolet chevelle malibu,100,chevrolet chevelle malibu,100,chevrolet chevelle malibu
19.0,6,250.0,88,3302,15.5,71,1,ford torino 500,19.0,6.0,250.0,3302.0,15.5,71.0,1.0,19.0,6.0,250.0,3302.0,15.5,71.0,1.0,19.0,6.0,250.0,3302.0,15.5,71.0,1.0,88,ford torino 500,88,ford torino 500,88,ford torino 500
18.0,6,232.0,100,3288,15.5,71,1,amc matador,18.0,6.0,232.0,3288.0,15.5,71.0,1.0,18.0,6.0,232.0,3288.0,15.5,71.0,1.0,18.0,6.0,232.0,3288.0,15.5,71.0,1.0,100,amc matador,100,amc matador,100,amc matador
14.0,8,350.0,165,4209,12.0,71,1,chevrolet impala,14.0,8.0,350.0,4209.0,12.0,71.0,1.0,14.0,8.0,350.0,4209.0,12.0,71.0,1.0,14.0,8.0,350.0,4209.0,12.0,71.0,1.0,165,chevrolet impala,165,chevrolet impala,165,chevrolet impala
14.0,8,400.0,175,4464,11.5,71,1,pontiac catalina brougham,14.0,8.0,400.0,4464.0,11.5,71.0,1.0,14.0,8.0,400.0,4464.0,11.5,71.0,1.0,14.0,8.0,400.0,4464.0,11.5,71.0,1.0,175,pontiac catalina brougham,175,pontiac catalina brougham,175,pontiac catalina brougham
14.0,8,351.0,153,4154,13.5,71,1,ford galaxie 500,14.0,8.0,351.0,4154.0,13.5,71.0,1.0,14.0,8.0,351.0,4154.0,13.5,71.0,1.0,14.0,8.0,351.0,4154.0,13.5,71.0,1.0,153,ford galaxie 500,153,ford galaxie 500,153,ford galaxie 500
14.0,8,318.0,150,4096,13.0,71,1,plymouth fury iii,14.0,8.0,318.0,4096.0,13.0,71.0,1.0,14.0,8.0,318.0,4096.0,13.0,71.0,1.0,14.0,8.0,318.0,4096.0,13.0,71.0,1.0,150,plymouth fury iii,150,plymouth fury iii,150,plymouth fury iii
12.0,8,383.0,180,4955,11.5,71,1,dodge monaco (sw),12.0,8.0,383.0,4955.0,11.5,71.0,1.0,12.0,8.0,383.0,4955.0,11.5,71.0,1.0,12.0,8.0,383.0,4955.0,11.5,71.0,1.0,180,dodge monaco (sw),180,dodge monaco (sw),180,dodge monaco (sw)
13.0,8,400.0,170,4746,12.0,71,1,ford country squire (sw),13.0,8.0,400.0,4746.0,12.0,71.0,1.0,13.0,8.0,400.0,4746.0,12.0,71.0,1.0,13.0,8.0,400.0,4746.0,12.0,71.0,1.0,170,ford country squire (sw),170,ford country squire (sw),170,ford country squire (sw)
13.0,8,400.0,175,5140,12.0,71,1,pontiac safari (sw),13.0,8.0,400.0,5140.0,12.0,71.0,1.0,13.0,8.0,400.0,5140.0,12.0,71.0,1.0,13.0,8.0,400.0,5140.0,12.0,71.0,1.0,175,pontiac safari (sw),175,pontiac safari (sw),175,pontiac safari (sw)
18.0,6,258.0,110,2962,13.5,71,1,amc hornet sportabout (sw),18.0,6.0,258.0,2962.0,13.5,71.0,1.0,18.0,6.0,258.0,2962.0,13.5,71.0,1.0,18.0,6.0,258.0,2962.0,13.5,71.0,1.0,110,amc hornet sportabout (sw),110,amc hornet sportabout (sw),110,amc hornet sportabout (sw)
22.0,4,140.0,72,2408,19.0,71,1,chevrolet vega (sw),22.0,4.0,140.0,2408.0,19.0,71.0,1.0,22.0,4.0,140.0,2408.0,19.0,71.0,1.0,22.0,4.0,140.0,2408.0,19.0,71.0,1.0,72,chevrolet vega (sw),72,chevrolet vega (sw),72,chevrolet vega (sw)
19.0,6,250.0,100,3282,15.0,71,1,pontiac firebird,19.0,6.0,250.0,3282.0,15.0,71.0,1.0,19.0,6.0,250.0,3282.0,15.0,71.0,1.0,19.0,6.0,250.0,3282.0,15.0,71.0,1.0,100,pontiac firebird,100,pontiac firebird,100,pontiac firebird
18.0,6,250.0,88,3139,14.5,71,1,ford mustang,18.0,6.0,250.0,3139.0,14.5,71.0,1.0,18.0,6.0,250.0,3139.0,14.5,71.0,1.0,18.0,6.0,250.0,3139.0,14.5,71.0,1.0,88,ford mustang,88,ford mustang,88,ford mustang
23.0,4,122.0,86,2220,14.0,71,1,mercury capri 2000,23.0,4.0,122.0,2220.0,14.0,71.0,1.0,23.0,4.0,122.0,2220.0,14.0,71.0,1.0,23.0,4.0,122.0,2220.0,14.0,71.0,1.0,86,mercury capri 2000,86,mercury capri 2000,86,mercury capri 2000
28.0,4,116.0,90,2123,14.0,71,2,opel 1900,28.0,4.0,116.0,2123.0,14.0,71.0,2.0,28.0,4.0,116.0,2123.0,14.0,71.0,2.0,28.0,4.0,116.0,2123.0,14.0,71.0,2.0,90,opel 1900,90,opel 1900,90,opel 1900
30.0,4,79.0,70,2074,19.5,71,2,peugeot 304,30.0,4.0,79.0,2074.0,19.5,71.0,2.0,30.0,4.0,79.0,2074.0,19.5,71.0,2.0,30.0,4.0,79.0,2074.0,19.5,71.0,2.0,70,peugeot 304,70,peugeot 304,70,peugeot 304
30.0,4,88.0,76,2065,14.5,71,2,fiat 124b,30.0,4.0,88.0,2065.0,14.5,71.0,2.0,30.0,4.0,88.0,2065.0,14.5,71.0,2.0,30.0,4.0,88.0,2065.0,14.5,71.0,2.0,76,fiat 124b,76,fiat 124b,76,fiat 124b
31.0,4,71.0,65,1773,19.0,71,3,toyota corolla 1200,31.0,4.0,71.0,1773.0,19.0,71.0,3.0,31.0,4.0,71.0,1773.0,19.0,71.0,3.0,31.0,4.0,71.0,1773.0,19.0,71.0,3.0,65,toyota corolla 1200,65,toyota corolla 1200,65,toyota corolla 1200
35.0,4,72.0,69,1613,18.0,71,3,datsun 1200,35.0,4.0,72.0,1613.0,18.0,71.0,3.0,35.0,4.0,72.0,1613.0,18.0,71.0,3.0,35.0,4.0,72.0,1613.0,18.0,71.0,3.0,69,datsun 1200,69,datsun 1200,69,datsun 1200
27.0,4,97.0,60,1834,19.0,71,2,volkswagen model 111,27.0,4.0,97.0,1834.0,19.0,71.0,2.0,27.0,4.0,97.0,1834.0,19.0,71.0,2.0,27.0,4.0,97.0,1834.0,19.0,71.0,2.0,60,volkswagen model 111,60,volkswagen model 111,60,volkswagen model 111
26.0,4,91.0,70,1955,20.5,71,1,plymouth cricket,26.0,4.0,91.0,1955.0,20.5,71.0,1.0,26.0,4.0,91.0,1955.0,20.5,71.0,1.0,26.0,4.0,91.0,1955.0,20.5,71.0,1.0,70,plymouth cricket,70,plymouth cricket,70,plymouth cricket
24.0,4,113.0,95,2278,15.5,72,3,toyota corona hardtop,24.0,4.0,113.0,2278.0,15.5,72.0,3.0,24.0,4.0,113.0,2278.0,15.5,72.0,3.0,24.0,4.0,113.0,2278.0,15.5,72.0,3.0,95,toyota corona hardtop,95,toyota corona hardtop,95,toyota corona hardtop
25.0,4,97.5,80,2126,17.0,72,1,dodge colt hardtop,25.0,4.0,97.5,2126.0,17.0,72.0,1.0,25.0,4.0,97.5,2126.0,17.0,72.0,1.0,25.0,4.0,97.5,2126.0,17.0,72.0,1.0,80,dodge colt hardtop,80,dodge colt hardtop,80,dodge colt hardtop
23.0,4,97.0,54,2254,23.5,72,2,volkswagen type 3,23.0,4.0,97.0,2254.0,23.5,72.0,2.0,23.0,4.0,97.0,2254.0,23.5,72.0,2.0,23.0,4.0,97.0,2254.0,23.5,72.0,2.0,54,volkswagen type 3,54,volkswagen type 3,54,volkswagen type 3
20.0,4,140.0,90,2408,19.5,72,1,chevrolet vega,20.0,4.0,140.0,2408.0,19.5,72.0,1.0,20.0,4.0,140.0,2408.0,19.5,72.0,1.0,20.0,4.0,140.0,2408.0,19.5,72.0,1.0,90,chevrolet vega,90,chevrolet vega,90,chevrolet vega
21.0,4,122.0,86,2226,16.5,72,1,ford pinto runabout,21.0,4.0,122.0,2226.0,16.5,72.0,1.0,21.0,4.0,122.0,2226.0,16.5,72.0,1.0,21.0,4.0,122.0,2226.0,16.5,72.0,1.0,86,ford pinto runabout,86,ford pinto runabout,86,ford pinto runabout
13.0,8,350.0,165,4274,12.0,72,1,chevrolet impala,13.0,8.0,350.0,4274.0,12.0,72.0,1.0,13.0,8.0,350.0,4274.0,12.0,72.0,1.0,13.0,8.0,350.0,4274.0,12.0,72.0,1.0,165,chevrolet impala,165,chevrolet impala,165,chevrolet impala
14.0,8,400.0,175,4385,12.0,72,1,pontiac catalina,14.0,8.0,400.0,4385.0,12.0,72.0,1.0,14.0,8.0,400.0,4385.0,12.0,72.0,1.0,14.0,8.0,400.0,4385.0,12.0,72.0,1.0,175,pontiac catalina,175,pontiac catalina,175,pontiac catalina
15.0,8,318.0,150,4135,13.5,72,1,plymouth fury iii,15.0,8.0,318.0,4135.0,13.5,72.0,1.0,15.0,8.0,318.0,4135.0,13.5,72.0,1.0,15.0,8.0,318.0,4135.0,13.5,72.0,1.0,150,plymouth fury iii,150,plymouth fury iii,150,plymouth fury iii
14.0,8,351.0,153,4129,13.0,72,1,ford galaxie 500,14.0,8.0,351.0,4129.0,13.0,72.0,1.0,14.0,8.0,351.0,4129.0,13.0,72.0,1.0,14.0,8.0,351.0,4129.0,13.0,72.0,1.0,153,ford galaxie 500,153,ford galaxie 500,153,ford galaxie 500
17.0,8,304.0,150,3672,11.5,72,1,amc ambassador sst,17.0,8.0,304.0,3672.0,11.5,72.0,1.0,17.0,8.0,304.0,3672.0,11.5,72.0,1.0,17.0,8.0,304.0,3672.0,11.5,72.0,1.0,150,amc ambassador sst,150,amc ambassador sst,150,amc ambassador sst
11.0,8,429.0,208,4633,11.0,72,1,mercury marquis,11.0,8.0,429.0,4633.0,11.0,72.0,1.0,11.0,8.0,429.0,4633.0,11.0,72.0,1.0,11.0,8.0,429.0,4633.0,11.0,72.0,1.0,208,mercury marquis,208,mercury marquis,208,mercury marquis
13.0,8,350.0,155,4502,13.5,72,1,buick lesabre custom,13.0,8.0,350.0,4502.0,13.5,72.0,1.0,13.0,8.0,350.0,4502.0,13.5,72.0,1.0,13.0,8.0,350.0,4502.0,13.5,72.0,1.0,155,buick lesabre custom,155,buick lesabre custom,155,buick lesabre custom
12.0,8,350.0,160,4456,13.5,72,1,oldsmobile delta 88 royale,12.0,8.0,350.0,4456.0,13.5,72.0,1.0,12.0,8.0,350.0,4456.0,13.5,72.0,1.0,12.0,8.0,350.0,4456.0,13.5,72.0,1.0,160,oldsmobile delta 88 royale,160,oldsmobile delta 88 royale,160,oldsmobile delta 88 royale
13.0,8,400.0,190,4422,12.5,72,1,chrysler newport royal,13.0,8.0,400.0,4422.0,12.5,72.0,1.0,13.0,8.0,400.0,4422.0,12.5,72.0,1.0,13.0,8.0,400.0,4422.0,12.5,72.0,1.0,190,chrysler newport royal,190,chrysler newport royal,190,chrysler newport royal
19.0,3,70.0,97,2330,13.5,72,3,mazda rx2 coupe,19.0,3.0,70.0,2330.0,13.5,72.0,3.0,19.0,3.0,70.0,2330.0,13.5,72.0,3.0,19.0,3.0,70.0,2330.0,13.5,72.0,3.0,97,mazda rx2 coupe,97,mazda rx2 coupe,97,mazda rx2 coupe
15.0,8,304.0,150,3892,12.5,72,1,amc matador (sw),15.0,8.0,304.0,3892.0,12.5,72.0,1.0,15.0,8.0,304.0,3892.0,12.5,72.0,1.0,15.0,8.0,304.0,3892.0,12.5,72.0,1.0,150,amc matador (sw),150,amc matador (sw),150,amc matador (sw)
13.0,8,307.0,130,4098,14.0,72,1,chevrolet chevelle concours (sw),13.0,8.0,307.0,4098.0,14.0,72.0,1.0,13.0,8.0,307.0,4098.0,14.0,72.0,1.0,13.0,8.0,307.0,4098.0,14.0,72.0,1.0,130,chevrolet chevelle concours (sw),130,chevrolet chevelle concours (sw),130,chevrolet chevelle concours (sw)
13.0,8,302.0,140,4294,16.0,72,1,ford gran torino (sw),13.0,8.0,302.0,4294.0,16.0,72.0,1.0,13.0,8.0,302.0,4294.0,16.0,72.0,1.0,13.0,8.0,302.0,4294.0,16.0,72.0,1.0,140,ford gran torino (sw),140,ford gran torino (sw),140,ford gran torino (sw)
14.0,8,318.0,150,4077,14.0,72,1,plymouth satellite custom (sw),14.0,8.0,318.0,4077.0,14.0,72.0,1.0,14.0,8.0,318.0,4077.0,14.0,72.0,1.0,14.0,8.0,318.0,4077.0,14.0,72.0,1.0,150,plymouth satellite custom (sw),150,plymouth satellite custom (sw),150,plymouth satellite custom (sw)
18.0,4,121.0,112,2933,14.5,72,2,volvo 145e (sw),18.0,4.0,121.0,2933.0,14.5,72.0,2.0,18.0,4.0,121.0,2933.0,14.5,72.0,2.0,18.0,4.0,121.0,2933.0,14.5,72.0,2.0,112,volvo 145e (sw),112,volvo 145e (sw),112,volvo 145e (sw)
22.0,4,121.0,76,2511,18.0,72,2,volkswagen 411 (sw),22.0,4.0,121.0,2511.0,18.0,72.0,2.0,22.0,4.0,121.0,2511.0,18.0,72.0,2.0,22.0,4.0,121.0,2511.0,18.0,72.0,2.0,76,volkswagen 411 (sw),76,volkswagen 411 (sw),76,volkswagen 411 (sw)
21.0,4,120.0,87,2979,19.5,72,2,peugeot 504 (sw),21.0,4.0,120.0,2979.0,19.5,72.0,2.0,21.0,4.0,120.0,2979.0,19.5,72.0,2.0,21.0,4.0,120.0,2979.0,19.5,72.0,2.0,87,peugeot 504 (sw),87,peugeot 504 (sw),87,peugeot 504 (sw)
26.0,4,96.0,69,2189,18.0,72,2,renault 12 (sw),26.0,4.0,96.0,2189.0,18.0,72.0,2.0,26.0,4.0,96.0,2189.0,18.0,72.0,2.0,26.0,4.0,96.0,2189.0,18.0,72.0,2.0,69,renault 12 (sw),69,renault 12 (sw),69,renault 12 (sw)
22.0,4,122.0,86,2395,16.0,72,1,ford pinto (sw),22.0,4.0,122.0,2395.0,16.0,72.0,1.0,22.0,4.0,122.0,2395.0,16.0,72.0,1.0,22.0,4.0,122.0,2395.0,16.0,72.0,1.0,86,ford pinto (sw),86,ford pinto (sw),86,ford pinto (sw)
28.0,4,97.0,92,2288,17.0,72,3,datsun 510 (sw),28.0,4.0,97.0,2288.0,17.0,72.0,3.0,28.0,4.0,97.0,2288.0,17.0,72.0,3.0,28.0,4.0,97.0,2288.0,17.0,72.0,3.0,92,datsun 510 (sw),92,datsun 510 (sw),92,datsun 510 (sw)
23.0,4,120.0,97,2506,14.5,72,3,toyouta corona mark ii (sw),23.0,4.0,120.0,2506.0,14.5,72.0,3.0,23.0,4.0,120.0,2506.0,14.5,72.0,3.0,23.0,4.0,120.0,2506.0,14.5,72.0,3.0,97,toyouta corona mark ii (sw),97,toyouta corona mark ii (sw),97,toyouta corona mark ii (sw)
28.0,4,98.0,80,2164,15.0,72,1,dodge colt (sw),28.0,4.0,98.0,2164.0,15.0,72.0,1.0,28.0,4.0,98.0,2164.0,15.0,72.0,1.0,28.0,4.0,98.0,2164.0,15.0,72.0,1.0,80,dodge colt (sw),80,dodge colt (sw),80,dodge colt (sw)
27.0,4,97.0,88,2100,16.5,72,3,toyota corolla 1600 (sw),27.0,4.0,97.0,2100.0,16.5,72.0,3.0,27.0,4.0,97.0,2100.0,16.5,72.0,3.0,27.0,4.0,97.0,2100.0,16.5,72.0,3.0,88,toyota corolla 1600 (sw),88,toyota corolla 1600 (sw),88,toyota corolla 1600 (sw)
13.0,8,350.0,175,4100,13.0,73,1,buick century 350,13.0,8.0,350.0,4100.0,13.0,73.0,1.0,13.0,8.0,350.0,4100.0,13.0,73.0,1.0,13.0,8.0,350.0,4100.0,13.0,73.0,1.0,175,buick century 350,175,buick century 350,175,buick century 350
14.0,8,304.0,150,3672,11.5,73,1,amc matador,14.0,8.0,304.0,3672.0,11.5,73.0,1.0,14.0,8.0,304.0,3672.0,11.5,73.0,1.0,14.0,8.0,304.0,3672.0,11.5,73.0,1.0,150,amc matador,150,amc matador,150,amc matador
13.0,8,350.0,145,3988,13.0,73,1,chevrolet malibu,13.0,8.0,350.0,3988.0,13.0,73.0,1.0,13.0,8.0,350.0,3988.0,13.0,73.0,1.0,13.0,8.0,350.0,3988.0,13.0,73.0,1.0,145,chevrolet malibu,145,chevrolet malibu,145,chevrolet malibu
14.0,8,302.0,137,4042,14.5,73,1,ford gran torino,14.0,8.0,302.0,4042.0,14.5,73.0,1.0,14.0,8.0,302.0,4042.0,14.5,73.0,1.0,14.0,8.0,302.0,4042.0,14.5,73.0,1.0,137,ford gran torino,137,ford gran torino,137,ford gran torino
15.0,8,318.0,150,3777,12.5,73,1,dodge coronet custom,15.0,8.0,318.0,3777.0,12.5,73.0,1.0,15.0,8.0,318.0,3777.0,12.5,73.0,1.0,15.0,8.0,318.0,3777.0,12.5,73.0,1.0,150,dodge coronet custom,150,dodge coronet custom,150,dodge coronet custom
12.0,8,429.0,198,4952,11.5,73,1,mercury marquis brougham,12.0,8.0,429.0,4952.0,11.5,73.0,1.0,12.0,8.0,429.0,4952.0,11.5,73.0,1.0,12.0,8.0,429.0,4952.0,11.5,73.0,1.0,198,mercury marquis brougham,198,mercury marquis brougham,198,mercury marquis brougham
13.0,8,400.0,150,4464,12.0,73,1,chevrolet caprice classic,13.0,8.0,400.0,4464.0,12.0,73.0,1.0,13.0,8.0,400.0,4464.0,12.0,73.0,1.0,13.0,8.0,400.0,4464.0,12.0,73.0,1.0,150,chevrolet caprice classic,150,chevrolet caprice classic,150,chevrolet caprice classic
13.0,8,351.0,158,4363,13.0,73,1,ford ltd,13.0,8.0,351.0,4363.0,13.0,73.0,1.0,13.0,8.0,351.0,4363.0,13.0,73.0,1.0,13.0,8.0,351.0,4363.0,13.0,73.0,1.0,158,ford ltd,158,ford ltd,158,ford ltd
14.0,8,318.0,150,4237,14.5,73,1,plymouth fury gran sedan,14.0,8.0,318.0,4237.0,14.5,73.0,1.0,14.0,8.0,318.0,4237.0,14.5,73.0,1.0,14.0,8.0,318.0,4237.0,14.5,73.0,1.0,150,plymouth fury gran sedan,150,plymouth fury gran sedan,150,plymouth fury gran sedan
13.0,8,440.0,215,4735,11.0,73,1,chrysler new yorker brougham,13.0,8.0,440.0,4735.0,11.0,73.0,1.0,13.0,8.0,440.0,4735.0,11.0,73.0,1.0,13.0,8.0,440.0,4735.0,11.0,73.0,1.0,215,chrysler new yorker brougham,215,chrysler new yorker brougham,215,chrysler new yorker brougham
12.0,8,455.0,225,4951,11.0,73,1,buick electra 225 custom,12.0,8.0,455.0,4951.0,11.0,73.0,1.0,12.0,8.0,455.0,4951.0,11.0,73.0,1.0,12.0,8.0,455.0,4951.0,11.0,73.0,1.0,225,buick electra 225 custom,225,buick electra 225 custom,225,buick electra 225 custom
13.0,8,360.0,175,3821,11.0,73,1,amc ambassador brougham,13.0,8.0,360.0,3821.0,11.0,73.0,1.0,13.0,8.0,360.0,3821.0,11.0,73.0,1.0,13.0,8.0,360.0,3821.0,11.0,73.0,1.0,175,amc ambassador brougham,175,amc ambassador brougham,175,amc ambassador brougham
18.0,6,225.0,105,3121,16.5,73,1,plymouth valiant,18.0,6.0,225.0,3121.0,16.5,73.0,1.0,18.0,6.0,225.0,3121.0,16.5,73.0,1.0,18.0,6.0,225.0,3121.0,16.5,73.0,1.0,105,plymouth valiant,105,plymouth valiant,105,plymouth valiant
16.0,6,250.0,100,3278,18.0,73,1,chevrolet nova custom,16.0,6.0,250.0,3278.0,18.0,73.0,1.0,16.0,6.0,250.0,3278.0,18.0,73.0,1.0,16.0,6.0,250.0,3278.0,18.0,73.0,1.0,100,chevrolet nova custom,100,chevrolet nova custom,100,chevrolet nova custom
18.0,6,232.0,100,2945,16.0,73,1,amc hornet,18.0,6.0,232.0,2945.0,16.0,73.0,1.0,18.0,6.0,232.0,2945.0,16.0,73.0,1.0,18.0,6.0,232.0,2945.0,16.0,73.0,1.0,100,amc hornet,100,amc hornet,100,amc hornet
18.0,6,250.0,88,3021,16.5,73,1,ford maverick,18.0,6.0,250.0,3021.0,16.5,73.0,1.0,18.0,6.0,250.0,3021.0,16.5,73.0,1.0,18.0,6.0,250.0,3021.0,16.5,73.0,1.0,88,ford maverick,88,ford maverick,88,ford maverick
23.0,6,198.0,95,2904,16.0,73,1,plymouth duster,23.0,6.0,198.0,2904.0,16.0,73.0,1.0,23.0,6.0,198.0,2904.0,16.0,73.0,1.0,23.0,6.0,198.0,2904.0,16.0,73.0,1.0,95,plymouth duster,95,plymouth duster,95,plymouth duster
26.0,4,97.0,46,1950,21.0,73,2,volkswagen super beetle,26.0,4.0,97.0,1950.0,21.0,73.0,2.0,26.0,4.0,97.0,1950.0,21.0,73.0,2.0,26.0,4.0,97.0,1950.0,21.0,73.0,2.0,46,volkswagen super beetle,46,volkswagen super beetle,46,volkswagen super beetle
11.0,8,400.0,150,4997,14.0,73,1,chevrolet impala,11.0,8.0,400.0,4997.0,14.0,73.0,1.0,11.0,8.0,400.0,4997.0,14.0,73.0,1.0,11.0,8.0,400.0,4997.0,14.0,73.0,1.0,150,chevrolet impala,150,chevrolet impala,150,chevrolet impala
12.0,8,400.0,167,4906,12.5,73,1,ford country,12.0,8.0,400.0,4906.0,12.5,73.0,1.0,12.0,8.0,400.0,4906.0,12.5,73.0,1.0,12.0,8.0,400.0,4906.0,12.5,73.0,1.0,167,ford country,167,ford country,167,ford country
13.0,8,360.0,170,4654,13.0,73,1,plymouth custom suburb,13.0,8.0,360.0,4654.0,13.0,73.0,1.0,13.0,8.0,360.0,4654.0,13.0,73.0,1.0,13.0,8.0,360.0,4654.0,13.0,73.0,1.0,170,plymouth custom suburb,170,plymouth custom suburb,170,plymouth custom suburb
12.0,8,350.0,180,4499,12.5,73,1,oldsmobile vista cruiser,12.0,8.0,350.0,4499.0,12.5,73.0,1.0,12.0,8.0,350.0,4499.0,12.5,73.0,1.0,12.0,8.0,350.0,4499.0,12.5,73.0,1.0,180,oldsmobile vista cruiser,180,oldsmobile vista cruiser,180,oldsmobile vista cruiser
18.0,6,232.0,100,2789,15.0,73,1,amc gremlin,18.0,6.0,232.0,2789.0,15.0,73.0,1.0,18.0,6.0,232.0,2789.0,15.0,73.0,1.0,18.0,6.0,232.0,2789.0,15.0,73.0,1.0,100,amc gremlin,100,amc gremlin,100,amc gremlin
20.0,4,97.0,88,2279,19.0,73,3,toyota carina,20.0,4.0,97.0,2279.0,19.0,73.0,3.0,20.0,4.0,97.0,2279.0,19.0,73.0,3.0,20.0,4.0,97.0,2279.0,19.0,73.0,3.0,88,toyota carina,88,toyota carina,88,toyota carina
21.0,4,140.0,72,2401,19.5,73,1,chevrolet vega,21.0,4.0,140.0,2401.0,19.5,73.0,1.0,21.0,4.0,140.0,2401.0,19.5,73.0,1.0,21.0,4.0,140.0,2401.0,19.5,73.0,1.0,72,chevrolet vega,72,chevrolet vega,72,chevrolet vega
22.0,4,108.0,94,2379,16.5,73,3,datsun 610,22.0,4.0,108.0,2379.0,16.5,73.0,3.0,22.0,4.0,108.0,2379.0,16.5,73.0,3.0,22.0,4.0,108.0,2379.0,16.5,73.0,3.0,94,datsun 610,94,datsun 610,94,datsun 610
18.0,3,70.0,90,2124,13.5,73,3,maxda rx3,18.0,3.0,70.0,2124.0,13.5,73.0,3.0,18.0,3.0,70.0,2124.0,13.5,73.0,3.0,18.0,3.0,70.0,2124.0,13.5,73.0,3.0,90,maxda rx3,90,maxda rx3,90,maxda rx3
19.0,4,122.0,85,2310,18.5,73,1,ford pinto,19.0,4.0,122.0,2310.0,18.5,73.0,1.0,19.0,4.0,122.0,2310.0,18.5,73.0,1.0,19.0,4.0,122.0,2310.0,18.5,73.0,1.0,85,ford pinto,85,ford pinto,85,ford pinto
21.0,6,155.0,107,2472,14.0,73,1,mercury capri v6,21.0,6.0,155.0,2472.0,14.0,73.0,1.0,21.0,6.0,155.0,2472.0,14.0,73.0,1.0,21.0,6.0,155.0,2472.0,14.0,73.0,1.0,107,mercury capri v6,107,mercury capri v6,107,mercury capri v6
26.0,4,98.0,90,2265,15.5,73,2,fiat 124 sport coupe,26.0,4.0,98.0,2265.0,15.5,73.0,2.0,26.0,4.0,98.0,2265.0,15.5,73.0,2.0,26.0,4.0,98.0,2265.0,15.5,73.0,2.0,90,fiat 124 sport coupe,90,fiat 124 sport coupe,90,fiat 124 sport coupe
15.0,8,350.0,145,4082,13.0,73,1,chevrolet monte carlo s,15.0,8.0,350.0,4082.0,13.0,73.0,1.0,15.0,8.0,350.0,4082.0,13.0,73.0,1.0,15.0,8.0,350.0,4082.0,13.0,73.0,1.0,145,chevrolet monte carlo s,145,chevrolet monte carlo s,145,chevrolet monte carlo s
16.0,8,400.0,230,4278,9.5,73,1,pontiac grand prix,16.0,8.0,400.0,4278.0,9.5,73.0,1.0,16.0,8.0,400.0,4278.0,9.5,73.0,1.0,16.0,8.0,400.0,4278.0,9.5,73.0,1.0,230,pontiac grand prix,230,pontiac grand prix,230,pontiac grand prix
29.0,4,68.0,49,1867,19.5,73,2,fiat 128,29.0,4.0,68.0,1867.0,19.5,73.0,2.0,29.0,4.0,68.0,1867.0,19.5,73.0,2.0,29.0,4.0,68.0,1867.0,19.5,73.0,2.0,49,fiat 128,49,fiat 128,49,fiat 128
24.0,4,116.0,75,2158,15.5,73,2,opel manta,24.0,4.0,116.0,2158.0,15.5,73.0,2.0,24.0,4.0,116.0,2158.0,15.5,73.0,2.0,24.0,4.0,116.0,2158.0,15.5,73.0,2.0,75,opel manta,75,opel manta,75,opel manta
20.0,4,114.0,91,2582,14.0,73,2,audi 100ls,20.0,4.0,114.0,2582.0,14.0,73.0,2.0,20.0,4.0,114.0,2582.0,14.0,73.0,2.0,20.0,4.0,114.0,2582.0,14.0,73.0,2.0,91,audi 100ls,91,audi 100ls,91,audi 100ls
19.0,4,121.0,112,2868,15.5,73,2,volvo 144ea,19.0,4.0,121.0,2868.0,15.5,73.0,2.0,19.0,4.0,121.0,2868.0,15.5,73.0,2.0,19.0,4.0,121.0,2868.0,15.5,73.0,2.0,112,volvo 144ea,112,volvo 144ea,112,volvo 144ea
15.0,8,318.0,150,3399,11.0,73,1,dodge dart custom,15.0,8.0,318.0,3399.0,11.0,73.0,1.0,15.0,8.0,318.0,3399.0,11.0,73.0,1.0,15.0,8.0,318.0,3399.0,11.0,73.0,1.0,150,dodge dart custom,150,dodge dart custom,150,dodge dart custom
24.0,4,121.0,110,2660,14.0,73,2,saab 99le,24.0,4.0,121.0,2660.0,14.0,73.0,2.0,24.0,4.0,121.0,2660.0,14.0,73.0,2.0,24.0,4.0,121.0,2660.0,14.0,73.0,2.0,110,saab 99le,110,saab 99le,110,saab 99le
20.0,6,156.0,122,2807,13.5,73,3,toyota mark ii,20.0,6.0,156.0,2807.0,13.5,73.0,3.0,20.0,6.0,156.0,2807.0,13.5,73.0,3.0,20.0,6.0,156.0,2807.0,13.5,73.0,3.0,122,toyota mark ii,122,toyota mark ii,122,toyota mark ii
11.0,8,350.0,180,3664,11.0,73,1,oldsmobile omega,11.0,8.0,350.0,3664.0,11.0,73.0,1.0,11.0,8.0,350.0,3664.0,11.0,73.0,1.0,11.0,8.0,350.0,3664.0,11.0,73.0,1.0,180,oldsmobile omega,180,oldsmobile omega,180,oldsmobile omega
20.0,6,198.0,95,3102,16.5,74,1,plymouth duster,20.0,6.0,198.0,3102.0,16.5,74.0,1.0,20.0,6.0,198.0,3102.0,16.5,74.0,1.0,20.0,6.0,198.0,3102.0,16.5,74.0,1.0,95,plymouth duster,95,plymouth duster,95,plymouth duster
21.0,6,200.0,?,2875,17.0,74,1,ford maverick,21.0,6.0,200.0,2875.0,17.0,74.0,1.0,21.0,6.0,200.0,2875.0,17.0,74.0,1.0,21.0,6.0,200.0,2875.0,17.0,74.0,1.0,?,ford maverick,?,ford maverick,?,ford maverick
19.0,6,232.0,100,2901,16.0,74,1,amc hornet,19.0,6.0,232.0,2901.0,16.0,74.0,1.0,19.0,6.0,232.0,2901.0,16.0,74.0,1.0,19.0,6.0,232.0,2901.0,16.0,74.0,1.0,100,amc hornet,100,amc hornet,100,amc hornet
15.0,6,250.0,100,3336,17.0,74,1,chevrolet nova,15.0,6.0,250.0,3336.0,17.0,74.0,1.0,15.0,6.0,250.0,3336.0,17.0,74.0,1.0,15.0,6.0,250.0,3336.0,17.0,74.0,1.0,100,chevrolet nova,100,chevrolet nova,100,chevrolet nova
31.0,4,79.0,67,1950,19.0,74,3,datsun b210,31.0,4.0,79.0,1950.0,19.0,74.0,3.0,31.0,4.0,79.0,1950.0,19.0,74.0,3.0,31.0,4.0,79.0,1950.0,19.0,74.0,3.0,67,datsun b210,67,datsun b210,67,datsun b210
26.0,4,122.0,80,2451,16.5,74,1,ford pinto,26.0,4.0,122.0,2451.0,16.5,74.0,1.0,26.0,4.0,122.0,2451.0,16.5,74.0,1.0,26.0,4.0,122.0,2451.0,16.5,74.0,1.0,80,ford pinto,80,ford pinto,80,ford pinto
32.0,4,71.0,65,1836,21.0,74,3,toyota corolla 1200,32.0,4.0,71.0,1836.0,21.0,74.0,3.0,32.0,4.0,71.0,1836.0,21.0,74.0,3.0,32.0,4.0,71.0,1836.0,21.0,74.0,3.0,65,toyota corolla 1200,65,toyota corolla 1200,65,toyota corolla 1200
25.0,4,140.0,75,2542,17.0,74,1,chevrolet vega,25.0,4.0,140.0,2542.0,17.0,74.0,1.0,25.0,4.0,140.0,2542.0,17.0,74.0,1.0,25.0,4.0,140.0,2542.0,17.0,74.0,1.0,75,chevrolet vega,75,chevrolet vega,75,chevrolet vega
16.0,6,250.0,100,3781,17.0,74,1,chevrolet chevelle malibu classic,16.0,6.0,250.0,3781.0,17.0,74.0,1.0,16.0,6.0,250.0,3781.0,17.0,74.0,1.0,16.0,6.0,250.0,3781.0,17.0,74.0,1.0,100,chevrolet chevelle malibu classic,100,chevrolet chevelle malibu classic,100,chevrolet chevelle malibu classic
16.0,6,258.0,110,3632,18.0,74,1,amc matador,16.0,6.0,258.0,3632.0,18.0,74.0,1.0,16.0,6.0,258.0,3632.0,18.0,74.0,1.0,16.0,6.0,258.0,3632.0,18.0,74.0,1.0,110,amc matador,110,amc matador,110,amc matador
18.0,6,225.0,105,3613,16.5,74,1,plymouth satellite sebring,18.0,6.0,225.0,3613.0,16.5,74.0,1.0,18.0,6.0,225.0,3613.0,16.5,74.0,1.0,18.0,6.0,225.0,3613.0,16.5,74.0,1.0,105,plymouth satellite sebring,105,plymouth satellite sebring,105,plymouth satellite sebring
16.0,8,302.0,140,4141,14.0,74,1,ford gran torino,16.0,8.0,302.0,4141.0,14.0,74.0,1.0,16.0,8.0,302.0,4141.0,14.0,74.0,1.0,16.0,8.0,302.0,4141.0,14.0,74.0,1.0,140,ford gran torino,140,ford gran torino,140,ford gran torino
13.0,8,350.0,150,4699,14.5,74,1,buick century luxus (sw),13.0,8.0,350.0,4699.0,14.5,74.0,1.0,13.0,8.0,350.0,4699.0,14.5,74.0,1.0,13.0,8.0,350.0,4699.0,14.5,74.0,1.0,150,buick century luxus (sw),150,buick century luxus (sw),150,buick century luxus (sw)
14.0,8,318.0,150,4457,13.5,74,1,dodge coronet custom (sw),14.0,8.0,318.0,4457.0,13.5,74.0,1.0,14.0,8.0,318.0,4457.0,13.5,74.0,1.0,14.0,8.0,318.0,4457.0,13.5,74.0,1.0,150,dodge coronet custom (sw),150,dodge coronet custom (sw),150,dodge coronet custom (sw)
14.0,8,302.0,140,4638,16.0,74,1,ford gran torino (sw),14.0,8.0,302.0,4638.0,16.0,74.0,1.0,14.0,8.0,302.0,4638.0,16.0,74.0,1.0,14.0,8.0,302.0,4638.0,16.0,74.0,1.0,140,ford gran torino (sw),140,ford gran torino (sw),140,ford gran torino (sw)
14.0,8,304.0,150,4257,15.5,74,1,amc matador (sw),14.0,8.0,304.0,4257.0,15.5,74.0,1.0,14.0,8.0,304.0,4257.0,15.5,74.0,1.0,14.0,8.0,304.0,4257.0,15.5,74.0,1.0,150,amc matador (sw),150,amc matador (sw),150,amc matador (sw)
29.0,4,98.0,83,2219,16.5,74,2,audi fox,29.0,4.0,98.0,2219.0,16.5,74.0,2.0,29.0,4.0,98.0,2219.0,16.5,74.0,2.0,29.0,4.0,98.0,2219.0,16.5,74.0,2.0,83,audi fox,83,audi fox,83,audi fox
26.0,4,79.0,67,1963,15.5,74,2,volkswagen dasher,26.0,4.0,79.0,1963.0,15.5,74.0,2.0,26.0,4.0,79.0,1963.0,15.5,74.0,2.0,26.0,4.0,79.0,1963.0,15.5,74.0,2.0,67,volkswagen dasher,67,volkswagen dasher,67,volkswagen dasher
26.0,4,97.0,78,2300,14.5,74,2,opel manta,26.0,4.0,97.0,2300.0,14.5,74.0,2.0,26.0,4.0,97.0,2300.0,14.5,74.0,2.0,26.0,4.0,97.0,2300.0,14.5,74.0,2.0,78,opel manta,78,opel manta,78,opel manta
31.0,4,76.0,52,1649,16.5,74,3,toyota corona,31.0,4.0,76.0,1649.0,16.5,74.0,3.0,31.0,4.0,76.0,1649.0,16.5,74.0,3.0,31.0,4.0,76.0,1649.0,16.5,74.0,3.0,52,toyota corona,52,toyota corona,52,toyota corona
32.0,4,83.0,61,2003,19.0,74,3,datsun 710,32.0,4.0,83.0,2003.0,19.0,74.0,3.0,32.0,4.0,83.0,2003.0,19.0,74.0,3.0,32.0,4.0,83.0,2003.0,19.0,74.0,3.0,61,datsun 710,61,datsun 710,61,datsun 710
28.0,4,90.0,75,2125,14.5,74,1,dodge colt,28.0,4.0,90.0,2125.0,14.5,74.0,1.0,28.0,4.0,90.0,2125.0,14.5,74.0,1.0,28.0,4.0,90.0,2125.0,14.5,74.0,1.0,75,dodge colt,75,dodge colt,75,dodge colt
24.0,4,90.0,75,2108,15.5,74,2,fiat 128,24.0,4.0,90.0,2108.0,15.5,74.0,2.0,24.0,4.0,90.0,2108.0,15.5,74.0,2.0,24.0,4.0,90.0,2108.0,15.5,74.0,2.0,75,fiat 128,75,fiat 128,75,fiat 128
26.0,4,116.0,75,2246,14.0,74,2,fiat 124 tc,26.0,4.0,116.0,2246.0,14.0,74.0,2.0,26.0,4.0,116.0,2246.0,14.0,74.0,2.0,26.0,4.0,116.0,2246.0,14.0,74.0,2.0,75,fiat 124 tc,75,fiat 124 tc,75,fiat 124 tc
24.0,4,120.0,97,2489,15.0,74,3,honda civic,24.0,4.0,120.0,2489.0,15.0,74.0,3.0,24.0,4.0,120.0,2489.0,15.0,74.0,3.0,24.0,4.0,120.0,2489.0,15.0,74.0,3.0,97,honda civic,97,honda civic,97,honda civic
26.0,4,108.0,93,2391,15.5,74,3,subaru,26.0,4.0,108.0,2391.0,15.5,74.0,3.0,26.0,4.0,108.0,2391.0,15.5,74.0,3.0,26.0,4.0,108.0,2391.0,15.5,74.0,3.0,93,subaru,93,subaru,93,subaru
31.0,4,79.0,67,2000,16.0,74,2,fiat x1.9,31.0,4.0,79.0,2000.0,16.0,74.0,2.0,31.0,4.0,79.0,2000.0,16.0,74.0,2.0,31.0,4.0,79.0,2000.0,16.0,74.0,2.0,67,fiat x1.9,67,fiat x1.9,67,fiat x1.9
19.0,6,225.0,95,3264,16.0,75,1,plymouth valiant custom,19.0,6.0,225.0,3264.0,16.0,75.0,1.0,19.0,6.0,225.0,3264.0,16.0,75.0,1.0,19.0,6.0,225.0,3264.0,16.0,75.0,1.0,95,plymouth valiant custom,95,plymouth valiant custom,95,plymouth valiant custom
18.0,6,250.0,105,3459,16.0,75,1,chevrolet nova,18.0,6.0,250.0,3459.0,16.0,75.0,1.0,18.0,6.0,250.0,3459.0,16.0,75.0,1.0,18.0,6.0,250.0,3459.0,16.0,75.0,1.0,105,chevrolet nova,105,chevrolet nova,105,chevrolet nova
15.0,6,250.0,72,3432,21.0,75,1,mercury monarch,15.0,6.0,250.0,3432.0,21.0,75.0,1.0,15.0,6.0,250.0,3432.0,21.0,75.0,1.0,15.0,6.0,250.0,3432.0,21.0,75.0,1.0,72,mercury monarch,72,mercury monarch,72,mercury monarch
15.0,6,250.0,72,3158,19.5,75,1,ford maverick,15.0,6.0,250.0,3158.0,19.5,75.0,1.0,15.0,6.0,250.0,3158.0,19.5,75.0,1.0,15.0,6.0,250.0,3158.0,19.5,75.0,1.0,72,ford maverick,72,ford maverick,72,ford maverick
16.0,8,400.0,170,4668,11.5,75,1,pontiac catalina,16.0,8.0,400.0,4668.0,11.5,75.0,1.0,16.0,8.0,400.0,4668.0,11.5,75.0,1.0,16.0,8.0,400.0,4668.0,11.5,75.0,1.0,170,pontiac catalina,170,pontiac catalina,170,pontiac catalina
15.0,8,350.0,145,4440,14.0,75,1,chevrolet bel air,15.0,8.0,350.0,4440.0,14.0,75.0,1.0,15.0,8.0,350.0,4440.0,14.0,75.0,1.0,15.0,8.0,350.0,4440.0,14.0,75.0,1.0,145,chevrolet bel air,145,chevrolet bel air,145,chevrolet bel air
16.0,8,318.0,150,4498,14.5,75,1,plymouth grand fury,16.0,8.0,318.0,4498.0,14.5,75.0,1.0,16.0,8.0,318.0,4498.0,14.5,75.0,1.0,16.0,8.0,318.0,4498.0,14.5,75.0,1.0,150,plymouth grand fury,150,plymouth grand fury,150,plymouth grand fury
14.0,8,351.0,148,4657,13.5,75,1,ford ltd,14.0,8.0,351.0,4657.0,13.5,75.0,1.0,14.0,8.0,351.0,4657.0,13.5,75.0,1.0,14.0,8.0,351.0,4657.0,13.5,75.0,1.0,148,ford ltd,148,ford ltd,148,ford ltd
17.0,6,231.0,110,3907,21.0,75,1,buick century,17.0,6.0,231.0,3907.0,21.0,75.0,1.0,17.0,6.0,231.0,3907.0,21.0,75.0,1.0,17.0,6.0,231.0,3907.0,21.0,75.0,1.0,110,buick century,110,buick century,110,buick century
16.0,6,250.0,105,3897,18.5,75,1,chevroelt chevelle malibu,16.0,6.0,250.0,3897.0,18.5,75.0,1.0,16.0,6.0,250.0,3897.0,18.5,75.0,1.0,16.0,6.0,250.0,3897.0,18.5,75.0,1.0,105,chevroelt chevelle malibu,105,chevroelt chevelle malibu,105,chevroelt chevelle malibu
15.0,6,258.0,110,3730,19.0,75,1,amc matador,15.0,6.0,258.0,3730.0,19.0,75.0,1.0,15.0,6.0,258.0,3730.0,19.0,75.0,1.0,15.0,6.0,258.0,3730.0,19.0,75.0,1.0,110,amc matador,110,amc matador,110,amc matador
18.0,6,225.0,95,3785,19.0,75,1,plymouth fury,18.0,6.0,225.0,3785.0,19.0,75.0,1.0,18.0,6.0,225.0,3785.0,19.0,75.0,1.0,18.0,6.0,225.0,3785.0,19.0,75.0,1.0,95,plymouth fury,95,plymouth fury,95,plymouth fury
21.0,6,231.0,110,3039,15.0,75,1,buick skyhawk,21.0,6.0,231.0,3039.0,15.0,75.0,1.0,21.0,6.0,231.0,3039.0,15.0,75.0,1.0,21.0,6.0,231.0,3039.0,15.0,75.0,1.0,110,buick skyhawk,110,buick skyhawk,110,buick skyhawk
20.0,8,262.0,110,3221,13.5,75,1,chevrolet monza 2+2,20.0,8.0,262.0,3221.0,13.5,75.0,1.0,20.0,8.0,262.0,3221.0,13.5,75.0,1.0,20.0,8.0,262.0,3221.0,13.5,75.0,1.0,110,chevrolet monza 2+2,110,chevrolet monza 2+2,110,chevrolet monza 2+2
13.0,8,302.0,129,3169,12.0,75,1,ford mustang ii,13.0,8.0,302.0,3169.0,12.0,75.0,1.0,13.0,8.0,302.0,3169.0,12.0,75.0,1.0,13.0,8.0,302.0,3169.0,12.0,75.0,1.0,129,ford mustang ii,129,ford mustang ii,129,ford mustang ii
29.0,4,97.0,75,2171,16.0,75,3,toyota corolla,29.0,4.0,97.0,2171.0,16.0,75.0,3.0,29.0,4.0,97.0,2171.0,16.0,75.0,3.0,29.0,4.0,97.0,2171.0,16.0,75.0,3.0,75,toyota corolla,75,toyota corolla,75,toyota corolla
23.0,4,140.0,83,2639,17.0,75,1,ford pinto,23.0,4.0,140.0,2639.0,17.0,75.0,1.0,23.0,4.0,140.0,2639.0,17.0,75.0,1.0,23.0,4.0,140.0,2639.0,17.0,75.0,1.0,83,ford pinto,83,ford pinto,83,ford pinto
20.0,6,232.0,100,2914,16.0,75,1,amc gremlin,20.0,6.0,232.0,2914.0,16.0,75.0,1.0,20.0,6.0,232.0,2914.0,16.0,75.0,1.0,20.0,6.0,232.0,2914.0,16.0,75.0,1.0,100,amc gremlin,100,amc gremlin,100,amc gremlin
23.0,4,140.0,78,2592,18.5,75,1,pontiac astro,23.0,4.0,140.0,2592.0,18.5,75.0,1.0,23.0,4.0,140.0,2592.0,18.5,75.0,1.0,23.0,4.0,140.0,2592.0,18.5,75.0,1.0,78,pontiac astro,78,pontiac astro,78,pontiac astro
24.0,4,134.0,96,2702,13.5,75,3,toyota corona,24.0,4.0,134.0,2702.0,13.5,75.0,3.0,24.0,4.0,134.0,2702.0,13.5,75.0,3.0,24.0,4.0,134.0,2702.0,13.5,75.0,3.0,96,toyota corona,96,toyota corona,96,toyota corona
25.0,4,90.0,71,2223,16.5,75,2,volkswagen dasher,25.0,4.0,90.0,2223.0,16.5,75.0,2.0,25.0,4.0,90.0,2223.0,16.5,75.0,2.0,25.0,4.0,90.0,2223.0,16.5,75.0,2.0,71,volkswagen dasher,71,volkswagen dasher,71,volkswagen dasher
24.0,4,119.0,97,2545,17.0,75,3,datsun 710,24.0,4.0,119.0,2545.0,17.0,75.0,3.0,24.0,4.0,119.0,2545.0,17.0,75.0,3.0,24.0,4.0,119.0,2545.0,17.0,75.0,3.0,97,datsun 710,97,datsun 710,97,datsun 710
18.0,6,171.0,97,2984,14.5,75,1,ford pinto,18.0,6.0,171.0,2984.0,14.5,75.0,1.0,18.0,6.0,171.0,2984.0,14.5,75.0,1.0,18.0,6.0,171.0,2984.0,14.5,75.0,1.0,97,ford pinto,97,ford pinto,97,ford pinto
29.0,4,90.0,70,1937,14.0,75,2,volkswagen rabbit,29.0,4.0,90.0,1937.0,14.0,75.0,2.0,29.0,4.0,90.0,1937.0,14.0,75.0,2.0,29.0,4.0,90.0,1937.0,14.0,75.0,2.0,70,volkswagen rabbit,70,volkswagen rabbit,70,volkswagen rabbit
19.0,6,232.0,90,3211,17.0,75,1,amc pacer,19.0,6.0,232.0,3211.0,17.0,75.0,1.0,19.0,6.0,232.0,3211.0,17.0,75.0,1.0,19.0,6.0,232.0,3211.0,17.0,75.0,1.0,90,amc pacer,90,amc pacer,90,amc pacer
23.0,4,115.0,95,2694,15.0,75,2,audi 100ls,23.0,4.0,115.0,2694.0,15.0,75.0,2.0,23.0,4.0,115.0,2694.0,15.0,75.0,2.0,23.0,4.0,115.0,2694.0,15.0,75.0,2.0,95,audi 100ls,95,audi 100ls,95,audi 100ls
23.0,4,120.0,88,2957,17.0,75,2,peugeot 504,23.0,4.0,120.0,2957.0,17.0,75.0,2.0,23.0,4.0,120.0,2957.0,17.0,75.0,2.0,23.0,4.0,120.0,2957.0,17.0,75.0,2.0,88,peugeot 504,88,peugeot 504,88,peugeot 504
22.0,4,121.0,98,2945,14.5,75,2,volvo 244dl,22.0,4.0,121.0,2945.0,14.5,75.0,2.0,22.0,4.0,121.0,2945.0,14.5,75.0,2.0,22.0,4.0,121.0,2945.0,14.5,75.0,2.0,98,volvo 244dl,98,volvo 244dl,98,volvo 244dl
25.0,4,121.0,115,2671,13.5,75,2,saab 99le,25.0,4.0,121.0,2671.0,13.5,75.0,2.0,25.0,4.0,121.0,2671.0,13.5,75.0,2.0,25.0,4.0,121.0,2671.0,13.5,75.0,2.0,115,saab 99le,115,saab 99le,115,saab 99le
33.0,4,91.0,53,1795,17.5,75,3,honda civic cvcc,33.0,4.0,91.0,1795.0,17.5,75.0,3.0,33.0,4.0,91.0,1795.0,17.5,75.0,3.0,33.0,4.0,91.0,1795.0,17.5,75.0,3.0,53,honda civic cvcc,53,honda civic cvcc,53,honda civic cvcc
28.0,4,107.0,86,2464,15.5,76,2,fiat 131,28.0,4.0,107.0,2464.0,15.5,76.0,2.0,28.0,4.0,107.0,2464.0,15.5,76.0,2.0,28.0,4.0,107.0,2464.0,15.5,76.0,2.0,86,fiat 131,86,fiat 131,86,fiat 131
25.0,4,116.0,81,2220,16.9,76,2,opel 1900,25.0,4.0,116.0,2220.0,16.9,76.0,2.0,25.0,4.0,116.0,2220.0,16.9,76.0,2.0,25.0,4.0,116.0,2220.0,16.9,76.0,2.0,81,opel 1900,81,opel 1900,81,opel 1900
25.0,4,140.0,92,2572,14.9,76,1,capri ii,25.0,4.0,140.0,2572.0,14.9,76.0,1.0,25.0,4.0,140.0,2572.0,14.9,76.0,1.0,25.0,4.0,140.0,2572.0,14.9,76.0,1.0,92,capri ii,92,capri ii,92,capri ii
26.0,4,98.0,79,2255,17.7,76,1,dodge colt,26.0,4.0,98.0,2255.0,17.7,76.0,1.0,26.0,4.0,98.0,2255.0,17.7,76.0,1.0,26.0,4.0,98.0,2255.0,17.7,76.0,1.0,79,dodge colt,79,dodge colt,79,dodge colt
27.0,4,101.0,83,2202,15.3,76,2,renault 12tl,27.0,4.0,101.0,2202.0,15.3,76.0,2.0,27.0,4.0,101.0,2202.0,15.3,76.0,2.0,27.0,4.0,101.0,2202.0,15.3,76.0,2.0,83,renault 12tl,83,renault 12tl,83,renault 12tl
17.5,8,305.0,140,4215,13.0,76,1,chevrolet chevelle malibu classic,17.5,8.0,305.0,4215.0,13.0,76.0,1.0,17.5,8.0,305.0,4215.0,13.0,76.0,1.0,17.5,8.0,305.0,4215.0,13.0,76.0,1.0,140,chevrolet chevelle malibu classic,140,chevrolet chevelle malibu classic,140,chevrolet chevelle malibu classic
16.0,8,318.0,150,4190,13.0,76,1,dodge coronet brougham,16.0,8.0,318.0,4190.0,13.0,76.0,1.0,16.0,8.0,318.0,4190.0,13.0,76.0,1.0,16.0,8.0,318.0,4190.0,13.0,76.0,1.0,150,dodge coronet brougham,150,dodge coronet brougham,150,dodge coronet brougham
15.5,8,304.0,120,3962,13.9,76,1,amc matador,15.5,8.0,304.0,3962.0,13.9,76.0,1.0,15.5,8.0,304.0,3962.0,13.9,76.0,1.0,15.5,8.0,304.0,3962.0,13.9,76.0,1.0,120,amc matador,120,amc matador,120,amc matador
14.5,8,351.0,152,4215,12.8,76,1,ford gran torino,14.5,8.0,351.0,4215.0,12.8,76.0,1.0,14.5,8.0,351.0,4215.0,12.8,76.0,1.0,14.5,8.0,351.0,4215.0,12.8,76.0,1.0,152,ford gran torino,152,ford gran torino,152,ford gran torino
22.0,6,225.0,100,3233,15.4,76,1,plymouth valiant,22.0,6.0,225.0,3233.0,15.4,76.0,1.0,22.0,6.0,225.0,3233.0,15.4,76.0,1.0,22.0,6.0,225.0,3233.0,15.4,76.0,1.0,100,plymouth valiant,100,plymouth valiant,100,plymouth valiant
22.0,6,250.0,105,3353,14.5,76,1,chevrolet nova,22.0,6.0,250.0,3353.0,14.5,76.0,1.0,22.0,6.0,250.0,3353.0,14.5,76.0,1.0,22.0,6.0,250.0,3353.0,14.5,76.0,1.0,105,chevrolet nova,105,chevrolet nova,105,chevrolet nova
24.0,6,200.0,81,3012,17.6,76,1,ford maverick,24.0,6.0,200.0,3012.0,17.6,76.0,1.0,24.0,6.0,200.0,3012.0,17.6,76.0,1.0,24.0,6.0,200.0,3012.0,17.6,76.0,1.0,81,ford maverick,81,ford maverick,81,ford maverick
22.5,6,232.0,90,3085,17.6,76,1,amc hornet,22.5,6.0,232.0,3085.0,17.6,76.0,1.0,22.5,6.0,232.0,3085.0,17.6,76.0,1.0,22.5,6.0,232.0,3085.0,17.6,76.0,1.0,90,amc hornet,90,amc hornet,90,amc hornet
29.0,4,85.0,52,2035,22.2,76,1,chevrolet chevette,29.0,4.0,85.0,2035.0,22.2,76.0,1.0,29.0,4.0,85.0,2035.0,22.2,76.0,1.0,29.0,4.0,85.0,2035.0,22.2,76.0,1.0,52,chevrolet chevette,52,chevrolet chevette,52,chevrolet chevette
24.5,4,98.0,60,2164,22.1,76,1,chevrolet woody,24.5,4.0,98.0,2164.0,22.1,76.0,1.0,24.5,4.0,98.0,2164.0,22.1,76.0,1.0,24.5,4.0,98.0,2164.0,22.1,76.0,1.0,60,chevrolet woody,60,chevrolet woody,60,chevrolet woody
29.0,4,90.0,70,1937,14.2,76,2,vw rabbit,29.0,4.0,90.0,1937.0,14.2,76.0,2.0,29.0,4.0,90.0,1937.0,14.2,76.0,2.0,29.0,4.0,90.0,1937.0,14.2,76.0,2.0,70,vw rabbit,70,vw rabbit,70,vw rabbit
33.0,4,91.0,53,1795,17.4,76,3,honda civic,33.0,4.0,91.0,1795.0,17.4,76.0,3.0,33.0,4.0,91.0,1795.0,17.4,76.0,3.0,33.0,4.0,91.0,1795.0,17.4,76.0,3.0,53,honda civic,53,honda civic,53,honda civic
20.0,6,225.0,100,3651,17.7,76,1,dodge aspen se,20.0,6.0,225.0,3651.0,17.7,76.0,1.0,20.0,6.0,225.0,3651.0,17.7,76.0,1.0,20.0,6.0,225.0,3651.0,17.7,76.0,1.0,100,dodge aspen se,100,dodge aspen se,100,dodge aspen se
18.0,6,250.0,78,3574,21.0,76,1,ford granada ghia,18.0,6.0,250.0,3574.0,21.0,76.0,1.0,18.0,6.0,250.0,3574.0,21.0,76.0,1.0,18.0,6.0,250.0,3574.0,21.0,76.0,1.0,78,ford granada ghia,78,ford granada ghia,78,ford granada ghia
18.5,6,250.0,110,3645,16.2,76,1,pontiac ventura sj,18.5,6.0,250.0,3645.0,16.2,76.0,1.0,18.5,6.0,250.0,3645.0,16.2,76.0,1.0,18.5,6.0,250.0,3645.0,16.2,76.0,1.0,110,pontiac ventura sj,110,pontiac ventura sj,110,pontiac ventura sj
17.5,6,258.0,95,3193,17.8,76,1,amc pacer d/l,17.5,6.0,258.0,3193.0,17.8,76.0,1.0,17.5,6.0,258.0,3193.0,17.8,76.0,1.0,17.5,6.0,258.0,3193.0,17.8,76.0,1.0,95,amc pacer d/l,95,amc pacer d/l,95,amc pacer d/l
29.5,4,97.0,71,1825,12.2,76,2,volkswagen rabbit,29.5,4.0,97.0,1825.0,12.2,76.0,2.0,29.5,4.0,97.0,1825.0,12.2,76.0,2.0,29.5,4.0,97.0,1825.0,12.2,76.0,2.0,71,volkswagen rabbit,71,volkswagen rabbit,71,volkswagen rabbit
32.0,4,85.0,70,1990,17.0,76,3,datsun b-210,32.0,4.0,85.0,1990.0,17.0,76.0,3.0,32.0,4.0,85.0,1990.0,17.0,76.0,3.0,32.0,4.0,85.0,1990.0,17.0,76.0,3.0,70,datsun b-210,70,datsun b-210,70,datsun b-210
28.0,4,97.0,75,2155,16.4,76,3,toyota corolla,28.0,4.0,97.0,2155.0,16.4,76.0,3.0,28.0,4.0,97.0,2155.0,16.4,76.0,3.0,28.0,4.0,97.0,2155.0,16.4,76.0,3.0,75,toyota corolla,75,toyota corolla,75,toyota corolla
26.5,4,140.0,72,2565,13.6,76,1,ford pinto,26.5,4.0,140.0,2565.0,13.6,76.0,1.0,26.5,4.0,140.0,2565.0,13.6,76.0,1.0,26.5,4.0,140.0,2565.0,13.6,76.0,1.0,72,ford pinto,72,ford pinto,72,ford pinto
20.0,4,130.0,102,3150,15.7,76,2,volvo 245,20.0,4.0,130.0,3150.0,15.7,76.0,2.0,20.0,4.0,130.0,3150.0,15.7,76.0,2.0,20.0,4.0,130.0,3150.0,15.7,76.0,2.0,102,volvo 245,102,volvo 245,102,volvo 245
13.0,8,318.0,150,3940,13.2,76,1,plymouth volare premier v8,13.0,8.0,318.0,3940.0,13.2,76.0,1.0,13.0,8.0,318.0,3940.0,13.2,76.0,1.0,13.0,8.0,318.0,3940.0,13.2,76.0,1.0,150,plymouth volare premier v8,150,plymouth volare premier v8,150,plymouth volare premier v8
19.0,4,120.0,88,3270,21.9,76,2,peugeot 504,19.0,4.0,120.0,3270.0,21.9,76.0,2.0,19.0,4.0,120.0,3270.0,21.9,76.0,2.0,19.0,4.0,120.0,3270.0,21.9,76.0,2.0,88,peugeot 504,88,peugeot 504,88,peugeot 504
19.0,6,156.0,108,2930,15.5,76,3,toyota mark ii,19.0,6.0,156.0,2930.0,15.5,76.0,3.0,19.0,6.0,156.0,2930.0,15.5,76.0,3.0,19.0,6.0,156.0,2930.0,15.5,76.0,3.0,108,toyota mark ii,108,toyota mark ii,108,toyota mark ii
16.5,6,168.0,120,3820,16.7,76,2,mercedes-benz 280s,16.5,6.0,168.0,3820.0,16.7,76.0,2.0,16.5,6.0,168.0,3820.0,16.7,76.0,2.0,16.5,6.0,168.0,3820.0,16.7,76.0,2.0,120,mercedes-benz 280s,120,mercedes-benz 280s,120,mercedes-benz 280s
16.5,8,350.0,180,4380,12.1,76,1,cadillac seville,16.5,8.0,350.0,4380.0,12.1,76.0,1.0,16.5,8.0,350.0,4380.0,12.1,76.0,1.0,16.5,8.0,350.0,4380.0,12.1,76.0,1.0,180,cadillac seville,180,cadillac seville,180,cadillac seville
13.0,8,350.0,145,4055,12.0,76,1,chevy c10,13.0,8.0,350.0,4055.0,12.0,76.0,1.0,13.0,8.0,350.0,4055.0,12.0,76.0,1.0,13.0,8.0,350.0,4055.0,12.0,76.0,1.0,145,chevy c10,145,chevy c10,145,chevy c10
13.0,8,302.0,130,3870,15.0,76,1,ford f108,13.0,8.0,302.0,3870.0,15.0,76.0,1.0,13.0,8.0,302.0,3870.0,15.0,76.0,1.0,13.0,8.0,302.0,3870.0,15.0,76.0,1.0,130,ford f108,130,ford f108,130,ford f108
13.0,8,318.0,150,3755,14.0,76,1,dodge d100,13.0,8.0,318.0,3755.0,14.0,76.0,1.0,13.0,8.0,318.0,3755.0,14.0,76.0,1.0,13.0,8.0,318.0,3755.0,14.0,76.0,1.0,150,dodge d100,150,dodge d100,150,dodge d100
31.5,4,98.0,68,2045,18.5,77,3,honda accord cvcc,31.5,4.0,98.0,2045.0,18.5,77.0,3.0,31.5,4.0,98.0,2045.0,18.5,77.0,3.0,31.5,4.0,98.0,2045.0,18.5,77.0,3.0,68,honda accord cvcc,68,honda accord cvcc,68,honda accord cvcc
30.0,4,111.0,80,2155,14.8,77,1,buick opel isuzu deluxe,30.0,4.0,111.0,2155.0,14.8,77.0,1.0,30.0,4.0,111.0,2155.0,14.8,77.0,1.0,30.0,4.0,111.0,2155.0,14.8,77.0,1.0,80,buick opel isuzu deluxe,80,buick opel isuzu deluxe,80,buick opel isuzu deluxe
36.0,4,79.0,58,1825,18.6,77,2,renault 5 gtl,36.0,4.0,79.0,1825.0,18.6,77.0,2.0,36.0,4.0,79.0,1825.0,18.6,77.0,2.0,36.0,4.0,79.0,1825.0,18.6,77.0,2.0,58,renault 5 gtl,58,renault 5 gtl,58,renault 5 gtl
25.5,4,122.0,96,2300,15.5,77,1,plymouth arrow gs,25.5,4.0,122.0,2300.0,15.5,77.0,1.0,25.5,4.0,122.0,2300.0,15.5,77.0,1.0,25.5,4.0,122.0,2300.0,15.5,77.0,1.0,96,plymouth arrow gs,96,plymouth arrow gs,96,plymouth arrow gs
33.5,4,85.0,70,1945,16.8,77,3,datsun f-10 hatchback,33.5,4.0,85.0,1945.0,16.8,77.0,3.0,33.5,4.0,85.0,1945.0,16.8,77.0,3.0,33.5,4.0,85.0,1945.0,16.8,77.0,3.0,70,datsun f-10 hatchback,70,datsun f-10 hatchback,70,datsun f-10 hatchback
17.5,8,305.0,145,3880,12.5,77,1,chevrolet caprice classic,17.5,8.0,305.0,3880.0,12.5,77.0,1.0,17.5,8.0,305.0,3880.0,12.5,77.0,1.0,17.5,8.0,305.0,3880.0,12.5,77.0,1.0,145,chevrolet caprice classic,145,chevrolet caprice classic,145,chevrolet caprice classic
17.0,8,260.0,110,4060,19.0,77,1,oldsmobile cutlass supreme,17.0,8.0,260.0,4060.0,19.0,77.0,1.0,17.0,8.0,260.0,4060.0,19.0,77.0,1.0,17.0,8.0,260.0,4060.0,19.0,77.0,1.0,110,oldsmobile cutlass supreme,110,oldsmobile cutlass supreme,110,oldsmobile cutlass supreme
15.5,8,318.0,145,4140,13.7,77,1,dodge monaco brougham,15.5,8.0,318.0,4140.0,13.7,77.0,1.0,15.5,8.0,318.0,4140.0,13.7,77.0,1.0,15.5,8.0,318.0,4140.0,13.7,77.0,1.0,145,dodge monaco brougham,145,dodge monaco brougham,145,dodge monaco brougham
15.0,8,302.0,130,4295,14.9,77,1,mercury cougar brougham,15.0,8.0,302.0,4295.0,14.9,77.0,1.0,15.0,8.0,302.0,4295.0,14.9,77.0,1.0,15.0,8.0,302.0,4295.0,14.9,77.0,1.0,130,mercury cougar brougham,130,mercury cougar brougham,130,mercury cougar brougham
17.5,6,250.0,110,3520,16.4,77,1,chevrolet concours,17.5,6.0,250.0,3520.0,16.4,77.0,1.0,17.5,6.0,250.0,3520.0,16.4,77.0,1.0,17.5,6.0,250.0,3520.0,16.4,77.0,1.0,110,chevrolet concours,110,chevrolet concours,110,chevrolet concours
20.5,6,231.0,105,3425,16.9,77,1,buick skylark,20.5,6.0,231.0,3425.0,16.9,77.0,1.0,20.5,6.0,231.0,3425.0,16.9,77.0,1.0,20.5,6.0,231.0,3425.0,16.9,77.0,1.0,105,buick skylark,105,buick skylark,105,buick skylark
19.0,6,225.0,100,3630,17.7,77,1,plymouth volare custom,19.0,6.0,225.0,3630.0,17.7,77.0,1.0,19.0,6.0,225.0,3630.0,17.7,77.0,1.0,19.0,6.0,225.0,3630.0,17.7,77.0,1.0,100,plymouth volare custom,100,plymouth volare custom,100,plymouth volare custom
18.5,6,250.0,98,3525,19.0,77,1,ford granada,18.5,6.0,250.0,3525.0,19.0,77.0,1.0,18.5,6.0,250.0,3525.0,19.0,77.0,1.0,18.5,6.0,250.0,3525.0,19.0,77.0,1.0,98,ford granada,98,ford granada,98,ford granada
16.0,8,400.0,180,4220,11.1,77,1,pontiac grand prix lj,16.0,8.0,400.0,4220.0,11.1,77.0,1.0,16.0,8.0,400.0,4220.0,11.1,77.0,1.0,16.0,8.0,400.0,4220.0,11.1,77.0,1.0,180,pontiac grand prix lj,180,pontiac grand prix lj,180,pontiac grand prix lj
15.5,8,350.0,170,4165,11.4,77,1,chevrolet monte carlo landau,15.5,8.0,350.0,4165.0,11.4,77.0,1.0,15.5,8.0,350.0,4165.0,11.4,77.0,1.0,15.5,8.0,350.0,4165.0,11.4,77.0,1.0,170,chevrolet monte carlo landau,170,chevrolet monte carlo landau,170,chevrolet monte carlo landau
15.5,8,400.0,190,4325,12.2,77,1,chrysler cordoba,15.5,8.0,400.0,4325.0,12.2,77.0,1.0,15.5,8.0,400.0,4325.0,12.2,77.0,1.0,15.5,8.0,400.0,4325.0,12.2,77.0,1.0,190,chrysler cordoba,190,chrysler cordoba,190,chrysler cordoba
16.0,8,351.0,149,4335,14.5,77,1,ford thunderbird,16.0,8.0,351.0,4335.0,14.5,77.0,1.0,16.0,8.0,351.0,4335.0,14.5,77.0,1.0,16.0,8.0,351.0,4335.0,14.5,77.0,1.0,149,ford thunderbird,149,ford thunderbird,149,ford thunderbird
29.0,4,97.0,78,1940,14.5,77,2,volkswagen rabbit custom,29.0,4.0,97.0,1940.0,14.5,77.0,2.0,29.0,4.0,97.0,1940.0,14.5,77.0,2.0,29.0,4.0,97.0,1940.0,14.5,77.0,2.0,78,volkswagen rabbit custom,78,volkswagen rabbit custom,78,volkswagen rabbit custom
24.5,4,151.0,88,2740,16.0,77,1,pontiac sunbird coupe,24.5,4.0,151.0,2740.0,16.0,77.0,1.0,24.5,4.0,151.0,2740.0,16.0,77.0,1.0,24.5,4.0,151.0,2740.0,16.0,77.0,1.0,88,pontiac sunbird coupe,88,pontiac sunbird coupe,88,pontiac sunbird coupe
26.0,4,97.0,75,2265,18.2,77,3,toyota corolla liftback,26.0,4.0,97.0,2265.0,18.2,77.0,3.0,26.0,4.0,97.0,2265.0,18.2,77.0,3.0,26.0,4.0,97.0,2265.0,18.2,77.0,3.0,75,toyota corolla liftback,75,toyota corolla liftback,75,toyota corolla liftback
25.5,4,140.0,89,2755,15.8,77,1,ford mustang ii 2+2,25.5,4.0,140.0,2755.0,15.8,77.0,1.0,25.5,4.0,140.0,2755.0,15.8,77.0,1.0,25.5,4.0,140.0,2755.0,15.8,77.0,1.0,89,ford mustang ii 2+2,89,ford mustang ii 2+2,89,ford mustang ii 2+2
30.5,4,98.0,63,2051,17.0,77,1,chevrolet chevette,30.5,4.0,98.0,2051.0,17.0,77.0,1.0,30.5,4.0,98.0,2051.0,17.0,77.0,1.0,30.5,4.0,98.0,2051.0,17.0,77.0,1.0,63,chevrolet chevette,63,chevrolet chevette,63,chevrolet chevette
33.5,4,98.0,83,2075,15.9,77,1,dodge colt m/m,33.5,4.0,98.0,2075.0,15.9,77.0,1.0,33.5,4.0,98.0,2075.0,15.9,77.0,1.0,33.5,4.0,98.0,2075.0,15.9,77.0,1.0,83,dodge colt m/m,83,dodge colt m/m,83,dodge colt m/m
30.0,4,97.0,67,1985,16.4,77,3,subaru dl,30.0,4.0,97.0,1985.0,16.4,77.0,3.0,30.0,4.0,97.0,1985.0,16.4,77.0,3.0,30.0,4.0,97.0,1985.0,16.4,77.0,3.0,67,subaru dl,67,subaru dl,67,subaru dl
30.5,4,97.0,78,2190,14.1,77,2,volkswagen dasher,30.5,4.0,97.0,2190.0,14.1,77.0,2.0,30.5,4.0,97.0,2190.0,14.1,77.0,2.0,30.5,4.0,97.0,2190.0,14.1,77.0,2.0,78,volkswagen dasher,78,volkswagen dasher,78,volkswagen dasher
22.0,6,146.0,97,2815,14.5,77,3,datsun 810,22.0,6.0,146.0,2815.0,14.5,77.0,3.0,22.0,6.0,146.0,2815.0,14.5,77.0,3.0,22.0,6.0,146.0,2815.0,14.5,77.0,3.0,97,datsun 810,97,datsun 810,97,datsun 810
21.5,4,121.0,110,2600,12.8,77,2,bmw 320i,21.5,4.0,121.0,2600.0,12.8,77.0,2.0,21.5,4.0,121.0,2600.0,12.8,77.0,2.0,21.5,4.0,121.0,2600.0,12.8,77.0,2.0,110,bmw 320i,110,bmw 320i,110,bmw 320i
21.5,3,80.0,110,2720,13.5,77,3,mazda rx-4,21.5,3.0,80.0,2720.0,13.5,77.0,3.0,21.5,3.0,80.0,2720.0,13.5,77.0,3.0,21.5,3.0,80.0,2720.0,13.5,77.0,3.0,110,mazda rx-4,110,mazda rx-4,110,mazda rx-4
43.1,4,90.0,48,1985,21.5,78,2,volkswagen rabbit custom diesel,43.1,4.0,90.0,1985.0,21.5,78.0,2.0,43.1,4.0,90.0,1985.0,21.5,78.0,2.0,43.1,4.0,90.0,1985.0,21.5,78.0,2.0,48,volkswagen rabbit custom diesel,48,volkswagen rabbit custom diesel,48,volkswagen rabbit custom diesel
36.1,4,98.0,66,1800,14.4,78,1,ford fiesta,36.1,4.0,98.0,1800.0,14.4,78.0,1.0,36.1,4.0,98.0,1800.0,14.4,78.0,1.0,36.1,4.0,98.0,1800.0,14.4,78.0,1.0,66,ford fiesta,66,ford fiesta,66,ford fiesta
32.8,4,78.0,52,1985,19.4,78,3,mazda glc deluxe,32.8,4.0,78.0,1985.0,19.4,78.0,3.0,32.8,4.0,78.0,1985.0,19.4,78.0,3.0,32.8,4.0,78.0,1985.0,19.4,78.0,3.0,52,mazda glc deluxe,52,mazda glc deluxe,52,mazda glc deluxe
39.4,4,85.0,70,2070,18.6,78,3,datsun b210 gx,39.4,4.0,85.0,2070.0,18.6,78.0,3.0,39.4,4.0,85.0,2070.0,18.6,78.0,3.0,39.4,4.0,85.0,2070.0,18.6,78.0,3.0,70,datsun b210 gx,70,datsun b210 gx,70,datsun b210 gx
36.1,4,91.0,60,1800,16.4,78,3,honda civic cvcc,36.1,4.0,91.0,1800.0,16.4,78.0,3.0,36.1,4.0,91.0,1800.0,16.4,78.0,3.0,36.1,4.0,91.0,1800.0,16.4,78.0,3.0,60,honda civic cvcc,60,honda civic cvcc,60,honda civic cvcc
19.9,8,260.0,110,3365,15.5,78,1,oldsmobile cutlass salon brougham,19.9,8.0,260.0,3365.0,15.5,78.0,1.0,19.9,8.0,260.0,3365.0,15.5,78.0,1.0,19.9,8.0,260.0,3365.0,15.5,78.0,1.0,110,oldsmobile cutlass salon brougham,110,oldsmobile cutlass salon brougham,110,oldsmobile cutlass salon brougham
19.4,8,318.0,140,3735,13.2,78,1,dodge diplomat,19.4,8.0,318.0,3735.0,13.2,78.0,1.0,19.4,8.0,318.0,3735.0,13.2,78.0,1.0,19.4,8.0,318.0,3735.0,13.2,78.0,1.0,140,dodge diplomat,140,dodge diplomat,140,dodge diplomat
20.2,8,302.0,139,3570,12.8,78,1,mercury monarch ghia,20.2,8.0,302.0,3570.0,12.8,78.0,1.0,20.2,8.0,302.0,3570.0,12.8,78.0,1.0,20.2,8.0,302.0,3570.0,12.8,78.0,1.0,139,mercury monarch ghia,139,mercury monarch ghia,139,mercury monarch ghia
19.2,6,231.0,105,3535,19.2,78,1,pontiac phoenix lj,19.2,6.0,231.0,3535.0,19.2,78.0,1.0,19.2,6.0,231.0,3535.0,19.2,78.0,1.0,19.2,6.0,231.0,3535.0,19.2,78.0,1.0,105,pontiac phoenix lj,105,pontiac phoenix lj,105,pontiac phoenix lj
20.5,6,200.0,95,3155,18.2,78,1,chevrolet malibu,20.5,6.0,200.0,3155.0,18.2,78.0,1.0,20.5,6.0,200.0,3155.0,18.2,78.0,1.0,20.5,6.0,200.0,3155.0,18.2,78.0,1.0,95,chevrolet malibu,95,chevrolet malibu,95,chevrolet malibu
20.2,6,200.0,85,2965,15.8,78,1,ford fairmont (auto),20.2,6.0,200.0,2965.0,15.8,78.0,1.0,20.2,6.0,200.0,2965.0,15.8,78.0,1.0,20.2,6.0,200.0,2965.0,15.8,78.0,1.0,85,ford fairmont (auto),85,ford fairmont (auto),85,ford fairmont (auto)
25.1,4,140.0,88,2720,15.4,78,1,ford fairmont (man),25.1,4.0,140.0,2720.0,15.4,78.0,1.0,25.1,4.0,140.0,2720.0,15.4,78.0,1.0,25.1,4.0,140.0,2720.0,15.4,78.0,1.0,88,ford fairmont (man),88,ford fairmont (man),88,ford fairmont (man)
20.5,6,225.0,100,3430,17.2,78,1,plymouth volare,20.5,6.0,225.0,3430.0,17.2,78.0,1.0,20.5,6.0,225.0,3430.0,17.2,78.0,1.0,20.5,6.0,225.0,3430.0,17.2,78.0,1.0,100,plymouth volare,100,plymouth volare,100,plymouth volare
19.4,6,232.0,90,3210,17.2,78,1,amc concord,19.4,6.0,232.0,3210.0,17.2,78.0,1.0,19.4,6.0,232.0,3210.0,17.2,78.0,1.0,19.4,6.0,232.0,3210.0,17.2,78.0,1.0,90,amc concord,90,amc concord,90,amc concord
20.6,6,231.0,105,3380,15.8,78,1,buick century special,20.6,6.0,231.0,3380.0,15.8,78.0,1.0,20.6,6.0,231.0,3380.0,15.8,78.0,1.0,20.6,6.0,231.0,3380.0,15.8,78.0,1.0,105,buick century special,105,buick century special,105,buick century special
20.8,6,200.0,85,3070,16.7,78,1,mercury zephyr,20.8,6.0,200.0,3070.0,16.7,78.0,1.0,20.8,6.0,200.0,3070.0,16.7,78.0,1.0,20.8,6.0,200.0,3070.0,16.7,78.0,1.0,85,mercury zephyr,85,mercury zephyr,85,mercury zephyr
18.6,6,225.0,110,3620,18.7,78,1,dodge aspen,18.6,6.0,225.0,3620.0,18.7,78.0,1.0,18.6,6.0,225.0,3620.0,18.7,78.0,1.0,18.6,6.0,225.0,3620.0,18.7,78.0,1.0,110,dodge aspen,110,dodge aspen,110,dodge aspen
18.1,6,258.0,120,3410,15.1,78,1,amc concord d/l,18.1,6.0,258.0,3410.0,15.1,78.0,1.0,18.1,6.0,258.0,3410.0,15.1,78.0,1.0,18.1,6.0,258.0,3410.0,15.1,78.0,1.0,120,amc concord d/l,120,amc concord d/l,120,amc concord d/l
19.2,8,305.0,145,3425,13.2,78,1,chevrolet monte carlo landau,19.2,8.0,305.0,3425.0,13.2,78.0,1.0,19.2,8.0,305.0,3425.0,13.2,78.0,1.0,19.2,8.0,305.0,3425.0,13.2,78.0,1.0,145,chevrolet monte carlo landau,145,chevrolet monte carlo landau,145,chevrolet monte carlo landau
17.7,6,231.0,165,3445,13.4,78,1,buick regal sport coupe (turbo),17.7,6.0,231.0,3445.0,13.4,78.0,1.0,17.7,6.0,231.0,3445.0,13.4,78.0,1.0,17.7,6.0,231.0,3445.0,13.4,78.0,1.0,165,buick regal sport coupe (turbo),165,buick regal sport coupe (turbo),165,buick regal sport coupe (turbo)
18.1,8,302.0,139,3205,11.2,78,1,ford futura,18.1,8.0,302.0,3205.0,11.2,78.0,1.0,18.1,8.0,302.0,3205.0,11.2,78.0,1.0,18.1,8.0,302.0,3205.0,11.2,78.0,1.0,139,ford futura,139,ford futura,139,ford futura
17.5,8,318.0,140,4080,13.7,78,1,dodge magnum xe,17.5,8.0,318.0,4080.0,13.7,78.0,1.0,17.5,8.0,318.0,4080.0,13.7,78.0,1.0,17.5,8.0,318.0,4080.0,13.7,78.0,1.0,140,dodge magnum xe,140,dodge magnum xe,140,dodge magnum xe
30.0,4,98.0,68,2155,16.5,78,1,chevrolet chevette,30.0,4.0,98.0,2155.0,16.5,78.0,1.0,30.0,4.0,98.0,2155.0,16.5,78.0,1.0,30.0,4.0,98.0,2155.0,16.5,78.0,1.0,68,chevrolet chevette,68,chevrolet chevette,68,chevrolet chevette
27.5,4,134.0,95,2560,14.2,78,3,toyota corona,27.5,4.0,134.0,2560.0,14.2,78.0,3.0,27.5,4.0,134.0,2560.0,14.2,78.0,3.0,27.5,4.0,134.0,2560.0,14.2,78.0,3.0,95,toyota corona,95,toyota corona,95,toyota corona
27.2,4,119.0,97,2300,14.7,78,3,datsun 510,27.2,4.0,119.0,2300.0,14.7,78.0,3.0,27.2,4.0,119.0,2300.0,14.7,78.0,3.0,27.2,4.0,119.0,2300.0,14.7,78.0,3.0,97,datsun 510,97,datsun 510,97,datsun 510
30.9,4,105.0,75,2230,14.5,78,1,dodge omni,30.9,4.0,105.0,2230.0,14.5,78.0,1.0,30.9,4.0,105.0,2230.0,14.5,78.0,1.0,30.9,4.0,105.0,2230.0,14.5,78.0,1.0,75,dodge omni,75,dodge omni,75,dodge omni
21.1,4,134.0,95,2515,14.8,78,3,toyota celica gt liftback,21.1,4.0,134.0,2515.0,14.8,78.0,3.0,21.1,4.0,134.0,2515.0,14.8,78.0,3.0,21.1,4.0,134.0,2515.0,14.8,78.0,3.0,95,toyota celica gt liftback,95,toyota celica gt liftback,95,toyota celica gt liftback
23.2,4,156.0,105,2745,16.7,78,1,plymouth sapporo,23.2,4.0,156.0,2745.0,16.7,78.0,1.0,23.2,4.0,156.0,2745.0,16.7,78.0,1.0,23.2,4.0,156.0,2745.0,16.7,78.0,1.0,105,plymouth sapporo,105,plymouth sapporo,105,plymouth sapporo
23.8,4,151.0,85,2855,17.6,78,1,oldsmobile starfire sx,23.8,4.0,151.0,2855.0,17.6,78.0,1.0,23.8,4.0,151.0,2855.0,17.6,78.0,1.0,23.8,4.0,151.0,2855.0,17.6,78.0,1.0,85,oldsmobile starfire sx,85,oldsmobile starfire sx,85,oldsmobile starfire sx
23.9,4,119.0,97,2405,14.9,78,3,datsun 200-sx,23.9,4.0,119.0,2405.0,14.9,78.0,3.0,23.9,4.0,119.0,2405.0,14.9,78.0,3.0,23.9,4.0,119.0,2405.0,14.9,78.0,3.0,97,datsun 200-sx,97,datsun 200-sx,97,datsun 200-sx
20.3,5,131.0,103,2830,15.9,78,2,audi 5000,20.3,5.0,131.0,2830.0,15.9,78.0,2.0,20.3,5.0,131.0,2830.0,15.9,78.0,2.0,20.3,5.0,131.0,2830.0,15.9,78.0,2.0,103,audi 5000,103,audi 5000,103,audi 5000
17.0,6,163.0,125,3140,13.6,78,2,volvo 264gl,17.0,6.0,163.0,3140.0,13.6,78.0,2.0,17.0,6.0,163.0,3140.0,13.6,78.0,2.0,17.0,6.0,163.0,3140.0,13.6,78.0,2.0,125,volvo 264gl,125,volvo 264gl,125,volvo 264gl
21.6,4,121.0,115,2795,15.7,78,2,saab 99gle,21.6,4.0,121.0,2795.0,15.7,78.0,2.0,21.6,4.0,121.0,2795.0,15.7,78.0,2.0,21.6,4.0,121.0,2795.0,15.7,78.0,2.0,115,saab 99gle,115,saab 99gle,115,saab 99gle
16.2,6,163.0,133,3410,15.8,78,2,peugeot 604sl,16.2,6.0,163.0,3410.0,15.8,78.0,2.0,16.2,6.0,163.0,3410.0,15.8,78.0,2.0,16.2,6.0,163.0,3410.0,15.8,78.0,2.0,133,peugeot 604sl,133,peugeot 604sl,133,peugeot 604sl
31.5,4,89.0,71,1990,14.9,78,2,volkswagen scirocco,31.5,4.0,89.0,1990.0,14.9,78.0,2.0,31.5,4.0,89.0,1990.0,14.9,78.0,2.0,31.5,4.0,89.0,1990.0,14.9,78.0,2.0,71,volkswagen scirocco,71,volkswagen scirocco,71,volkswagen scirocco
29.5,4,98.0,68,2135,16.6,78,3,honda accord lx,29.5,4.0,98.0,2135.0,16.6,78.0,3.0,29.5,4.0,98.0,2135.0,16.6,78.0,3.0,29.5,4.0,98.0,2135.0,16.6,78.0,3.0,68,honda accord lx,68,honda accord lx,68,honda accord lx
21.5,6,231.0,115,3245,15.4,79,1,pontiac lemans v6,21.5,6.0,231.0,3245.0,15.4,79.0,1.0,21.5,6.0,231.0,3245.0,15.4,79.0,1.0,21.5,6.0,231.0,3245.0,15.4,79.0,1.0,115,pontiac lemans v6,115,pontiac lemans v6,115,pontiac lemans v6
19.8,6,200.0,85,2990,18.2,79,1,mercury zephyr 6,19.8,6.0,200.0,2990.0,18.2,79.0,1.0,19.8,6.0,200.0,2990.0,18.2,79.0,1.0,19.8,6.0,200.0,2990.0,18.2,79.0,1.0,85,mercury zephyr 6,85,mercury zephyr 6,85,mercury zephyr 6
22.3,4,140.0,88,2890,17.3,79,1,ford fairmont 4,22.3,4.0,140.0,2890.0,17.3,79.0,1.0,22.3,4.0,140.0,2890.0,17.3,79.0,1.0,22.3,4.0,140.0,2890.0,17.3,79.0,1.0,88,ford fairmont 4,88,ford fairmont 4,88,ford fairmont 4
20.2,6,232.0,90,3265,18.2,79,1,amc concord dl 6,20.2,6.0,232.0,3265.0,18.2,79.0,1.0,20.2,6.0,232.0,3265.0,18.2,79.0,1.0,20.2,6.0,232.0,3265.0,18.2,79.0,1.0,90,amc concord dl 6,90,amc concord dl 6,90,amc concord dl 6
20.6,6,225.0,110,3360,16.6,79,1,dodge aspen 6,20.6,6.0,225.0,3360.0,16.6,79.0,1.0,20.6,6.0,225.0,3360.0,16.6,79.0,1.0,20.6,6.0,225.0,3360.0,16.6,79.0,1.0,110,dodge aspen 6,110,dodge aspen 6,110,dodge aspen 6
17.0,8,305.0,130,3840,15.4,79,1,chevrolet caprice classic,17.0,8.0,305.0,3840.0,15.4,79.0,1.0,17.0,8.0,305.0,3840.0,15.4,79.0,1.0,17.0,8.0,305.0,3840.0,15.4,79.0,1.0,130,chevrolet caprice classic,130,chevrolet caprice classic,130,chevrolet caprice classic
17.6,8,302.0,129,3725,13.4,79,1,ford ltd landau,17.6,8.0,302.0,3725.0,13.4,79.0,1.0,17.6,8.0,302.0,3725.0,13.4,79.0,1.0,17.6,8.0,302.0,3725.0,13.4,79.0,1.0,129,ford ltd landau,129,ford ltd landau,129,ford ltd landau
16.5,8,351.0,138,3955,13.2,79,1,mercury grand marquis,16.5,8.0,351.0,3955.0,13.2,79.0,1.0,16.5,8.0,351.0,3955.0,13.2,79.0,1.0,16.5,8.0,351.0,3955.0,13.2,79.0,1.0,138,mercury grand marquis,138,mercury grand marquis,138,mercury grand marquis
18.2,8,318.0,135,3830,15.2,79,1,dodge st. regis,18.2,8.0,318.0,3830.0,15.2,79.0,1.0,18.2,8.0,318.0,3830.0,15.2,79.0,1.0,18.2,8.0,318.0,3830.0,15.2,79.0,1.0,135,dodge st. regis,135,dodge st. regis,135,dodge st. regis
16.9,8,350.0,155,4360,14.9,79,1,buick estate wagon (sw),16.9,8.0,350.0,4360.0,14.9,79.0,1.0,16.9,8.0,350.0,4360.0,14.9,79.0,1.0,16.9,8.0,350.0,4360.0,14.9,79.0,1.0,155,buick estate wagon (sw),155,buick estate wagon (sw),155,buick estate wagon (sw)
15.5,8,351.0,142,4054,14.3,79,1,ford country squire (sw),15.5,8.0,351.0,4054.0,14.3,79.0,1.0,15.5,8.0,351.0,4054.0,14.3,79.0,1.0,15.5,8.0,351.0,4054.0,14.3,79.0,1.0,142,ford country squire (sw),142,ford country squire (sw),142,ford country squire (sw)
19.2,8,267.0,125,3605,15.0,79,1,chevrolet malibu classic (sw),19.2,8.0,267.0,3605.0,15.0,79.0,1.0,19.2,8.0,267.0,3605.0,15.0,79.0,1.0,19.2,8.0,267.0,3605.0,15.0,79.0,1.0,125,chevrolet malibu classic (sw),125,chevrolet malibu classic (sw),125,chevrolet malibu classic (sw)
18.5,8,360.0,150,3940,13.0,79,1,chrysler lebaron town @ country (sw),18.5,8.0,360.0,3940.0,13.0,79.0,1.0,18.5,8.0,360.0,3940.0,13.0,79.0,1.0,18.5,8.0,360.0,3940.0,13.0,79.0,1.0,150,chrysler lebaron town @ country (sw),150,chrysler lebaron town @ country (sw),150,chrysler lebaron town @ country (sw)
31.9,4,89.0,71,1925,14.0,79,2,vw rabbit custom,31.9,4.0,89.0,1925.0,14.0,79.0,2.0,31.9,4.0,89.0,1925.0,14.0,79.0,2.0,31.9,4.0,89.0,1925.0,14.0,79.0,2.0,71,vw rabbit custom,71,vw rabbit custom,71,vw rabbit custom
34.1,4,86.0,65,1975,15.2,79,3,maxda glc deluxe,34.1,4.0,86.0,1975.0,15.2,79.0,3.0,34.1,4.0,86.0,1975.0,15.2,79.0,3.0,34.1,4.0,86.0,1975.0,15.2,79.0,3.0,65,maxda glc deluxe,65,maxda glc deluxe,65,maxda glc deluxe
35.7,4,98.0,80,1915,14.4,79,1,dodge colt hatchback custom,35.7,4.0,98.0,1915.0,14.4,79.0,1.0,35.7,4.0,98.0,1915.0,14.4,79.0,1.0,35.7,4.0,98.0,1915.0,14.4,79.0,1.0,80,dodge colt hatchback custom,80,dodge colt hatchback custom,80,dodge colt hatchback custom
27.4,4,121.0,80,2670,15.0,79,1,amc spirit dl,27.4,4.0,121.0,2670.0,15.0,79.0,1.0,27.4,4.0,121.0,2670.0,15.0,79.0,1.0,27.4,4.0,121.0,2670.0,15.0,79.0,1.0,80,amc spirit dl,80,amc spirit dl,80,amc spirit dl
25.4,5,183.0,77,3530,20.1,79,2,mercedes benz 300d,25.4,5.0,183.0,3530.0,20.1,79.0,2.0,25.4,5.0,183.0,3530.0,20.1,79.0,2.0,25.4,5.0,183.0,3530.0,20.1,79.0,2.0,77,mercedes benz 300d,77,mercedes benz 300d,77,mercedes benz 300d
23.0,8,350.0,125,3900,17.4,79,1,cadillac eldorado,23.0,8.0,350.0,3900.0,17.4,79.0,1.0,23.0,8.0,350.0,3900.0,17.4,79.0,1.0,23.0,8.0,350.0,3900.0,17.4,79.0,1.0,125,cadillac eldorado,125,cadillac eldorado,125,cadillac eldorado
27.2,4,141.0,71,3190,24.8,79,2,peugeot 504,27.2,4.0,141.0,3190.0,24.8,79.0,2.0,27.2,4.0,141.0,3190.0,24.8,79.0,2.0,27.2,4.0,141.0,3190.0,24.8,79.0,2.0,71,peugeot 504,71,peugeot 504,71,peugeot 504
23.9,8,260.0,90,3420,22.2,79,1,oldsmobile cutlass salon brougham,23.9,8.0,260.0,3420.0,22.2,79.0,1.0,23.9,8.0,260.0,3420.0,22.2,79.0,1.0,23.9,8.0,260.0,3420.0,22.2,79.0,1.0,90,oldsmobile cutlass salon brougham,90,oldsmobile cutlass salon brougham,90,oldsmobile cutlass salon brougham
34.2,4,105.0,70,2200,13.2,79,1,plymouth horizon,34.2,4.0,105.0,2200.0,13.2,79.0,1.0,34.2,4.0,105.0,2200.0,13.2,79.0,1.0,34.2,4.0,105.0,2200.0,13.2,79.0,1.0,70,plymouth horizon,70,plymouth horizon,70,plymouth horizon
34.5,4,105.0,70,2150,14.9,79,1,plymouth horizon tc3,34.5,4.0,105.0,2150.0,14.9,79.0,1.0,34.5,4.0,105.0,2150.0,14.9,79.0,1.0,34.5,4.0,105.0,2150.0,14.9,79.0,1.0,70,plymouth horizon tc3,70,plymouth horizon tc3,70,plymouth horizon tc3
31.8,4,85.0,65,2020,19.2,79,3,datsun 210,31.8,4.0,85.0,2020.0,19.2,79.0,3.0,31.8,4.0,85.0,2020.0,19.2,79.0,3.0,31.8,4.0,85.0,2020.0,19.2,79.0,3.0,65,datsun 210,65,datsun 210,65,datsun 210
37.3,4,91.0,69,2130,14.7,79,2,fiat strada custom,37.3,4.0,91.0,2130.0,14.7,79.0,2.0,37.3,4.0,91.0,2130.0,14.7,79.0,2.0,37.3,4.0,91.0,2130.0,14.7,79.0,2.0,69,fiat strada custom,69,fiat strada custom,69,fiat strada custom
28.4,4,151.0,90,2670,16.0,79,1,buick skylark limited,28.4,4.0,151.0,2670.0,16.0,79.0,1.0,28.4,4.0,151.0,2670.0,16.0,79.0,1.0,28.4,4.0,151.0,2670.0,16.0,79.0,1.0,90,buick skylark limited,90,buick skylark limited,90,buick skylark limited
28.8,6,173.0,115,2595,11.3,79,1,chevrolet citation,28.8,6.0,173.0,2595.0,11.3,79.0,1.0,28.8,6.0,173.0,2595.0,11.3,79.0,1.0,28.8,6.0,173.0,2595.0,11.3,79.0,1.0,115,chevrolet citation,115,chevrolet citation,115,chevrolet citation
26.8,6,173.0,115,2700,12.9,79,1,oldsmobile omega brougham,26.8,6.0,173.0,2700.0,12.9,79.0,1.0,26.8,6.0,173.0,2700.0,12.9,79.0,1.0,26.8,6.0,173.0,2700.0,12.9,79.0,1.0,115,oldsmobile omega brougham,115,oldsmobile omega brougham,115,oldsmobile omega brougham
33.5,4,151.0,90,2556,13.2,79,1,pontiac phoenix,33.5,4.0,151.0,2556.0,13.2,79.0,1.0,33.5,4.0,151.0,2556.0,13.2,79.0,1.0,33.5,4.0,151.0,2556.0,13.2,79.0,1.0,90,pontiac phoenix,90,pontiac phoenix,90,pontiac phoenix
41.5,4,98.0,76,2144,14.7,80,2,vw rabbit,41.5,4.0,98.0,2144.0,14.7,80.0,2.0,41.5,4.0,98.0,2144.0,14.7,80.0,2.0,41.5,4.0,98.0,2144.0,14.7,80.0,2.0,76,vw rabbit,76,vw rabbit,76,vw rabbit
38.1,4,89.0,60,1968,18.8,80,3,toyota corolla tercel,38.1,4.0,89.0,1968.0,18.8,80.0,3.0,38.1,4.0,89.0,1968.0,18.8,80.0,3.0,38.1,4.0,89.0,1968.0,18.8,80.0,3.0,60,toyota corolla tercel,60,toyota corolla tercel,60,toyota corolla tercel
32.1,4,98.0,70,2120,15.5,80,1,chevrolet chevette,32.1,4.0,98.0,2120.0,15.5,80.0,1.0,32.1,4.0,98.0,2120.0,15.5,80.0,1.0,32.1,4.0,98.0,2120.0,15.5,80.0,1.0,70,chevrolet chevette,70,chevrolet chevette,70,chevrolet chevette
37.2,4,86.0,65,2019,16.4,80,3,datsun 310,37.2,4.0,86.0,2019.0,16.4,80.0,3.0,37.2,4.0,86.0,2019.0,16.4,80.0,3.0,37.2,4.0,86.0,2019.0,16.4,80.0,3.0,65,datsun 310,65,datsun 310,65,datsun 310
28.0,4,151.0,90,2678,16.5,80,1,chevrolet citation,28.0,4.0,151.0,2678.0,16.5,80.0,1.0,28.0,4.0,151.0,2678.0,16.5,80.0,1.0,28.0,4.0,151.0,2678.0,16.5,80.0,1.0,90,chevrolet citation,90,chevrolet citation,90,chevrolet citation
26.4,4,140.0,88,2870,18.1,80,1,ford fairmont,26.4,4.0,140.0,2870.0,18.1,80.0,1.0,26.4,4.0,140.0,2870.0,18.1,80.0,1.0,26.4,4.0,140.0,2870.0,18.1,80.0,1.0,88,ford fairmont,88,ford fairmont,88,ford fairmont
24.3,4,151.0,90,3003,20.1,80,1,amc concord,24.3,4.0,151.0,3003.0,20.1,80.0,1.0,24.3,4.0,151.0,3003.0,20.1,80.0,1.0,24.3,4.0,151.0,3003.0,20.1,80.0,1.0,90,amc concord,90,amc concord,90,amc concord
19.1,6,225.0,90,3381,18.7,80,1,dodge aspen,19.1,6.0,225.0,3381.0,18.7,80.0,1.0,19.1,6.0,225.0,3381.0,18.7,80.0,1.0,19.1,6.0,225.0,3381.0,18.7,80.0,1.0,90,dodge aspen,90,dodge aspen,90,dodge aspen
34.3,4,97.0,78,2188,15.8,80,2,audi 4000,34.3,4.0,97.0,2188.0,15.8,80.0,2.0,34.3,4.0,97.0,2188.0,15.8,80.0,2.0,34.3,4.0,97.0,2188.0,15.8,80.0,2.0,78,audi 4000,78,audi 4000,78,audi 4000
29.8,4,134.0,90,2711,15.5,80,3,toyota corona liftback,29.8,4.0,134.0,2711.0,15.5,80.0,3.0,29.8,4.0,134.0,2711.0,15.5,80.0,3.0,29.8,4.0,134.0,2711.0,15.5,80.0,3.0,90,toyota corona liftback,90,toyota corona liftback,90,toyota corona liftback
31.3,4,120.0,75,2542,17.5,80,3,mazda 626,31.3,4.0,120.0,2542.0,17.5,80.0,3.0,31.3,4.0,120.0,2542.0,17.5,80.0,3.0,31.3,4.0,120.0,2542.0,17.5,80.0,3.0,75,mazda 626,75,mazda 626,75,mazda 626
37.0,4,119.0,92,2434,15.0,80,3,datsun 510 hatchback,37.0,4.0,119.0,2434.0,15.0,80.0,3.0,37.0,4.0,119.0,2434.0,15.0,80.0,3.0,37.0,4.0,119.0,2434.0,15.0,80.0,3.0,92,datsun 510 hatchback,92,datsun 510 hatchback,92,datsun 510 hatchback
32.2,4,108.0,75,2265,15.2,80,3,toyota corolla,32.2,4.0,108.0,2265.0,15.2,80.0,3.0,32.2,4.0,108.0,2265.0,15.2,80.0,3.0,32.2,4.0,108.0,2265.0,15.2,80.0,3.0,75,toyota corolla,75,toyota corolla,75,toyota corolla
46.6,4,86.0,65,2110,17.9,80,3,mazda glc,46.6,4.0,86.0,2110.0,17.9,80.0,3.0,46.6,4.0,86.0,2110.0,17.9,80.0,3.0,46.6,4.0,86.0,2110.0,17.9,80.0,3.0,65,mazda glc,65,mazda glc,65,mazda glc
27.9,4,156.0,105,2800,14.4,80,1,dodge colt,27.9,4.0,156.0,2800.0,14.4,80.0,1.0,27.9,4.0,156.0,2800.0,14.4,80.0,1.0,27.9,4.0,156.0,2800.0,14.4,80.0,1.0,105,dodge colt,105,dodge colt,105,dodge colt
40.8,4,85.0,65,2110,19.2,80,3,datsun 210,40.8,4.0,85.0,2110.0,19.2,80.0,3.0,40.8,4.0,85.0,2110.0,19.2,80.0,3.0,40.8,4.0,85.0,2110.0,19.2,80.0,3.0,65,datsun 210,65,datsun 210,65,datsun 210
44.3,4,90.0,48,2085,21.7,80,2,vw rabbit c (diesel),44.3,4.0,90.0,2085.0,21.7,80.0,2.0,44.3,4.0,90.0,2085.0,21.7,80.0,2.0,44.3,4.0,90.0,2085.0,21.7,80.0,2.0,48,vw rabbit c (diesel),48,vw rabbit c (diesel),48,vw rabbit c (diesel)
43.4,4,90.0,48,2335,23.7,80,2,vw dasher (diesel),43.4,4.0,90.0,2335.0,23.7,80.0,2.0,43.4,4.0,90.0,2335.0,23.7,80.0,2.0,43.4,4.0,90.0,2335.0,23.7,80.0,2.0,48,vw dasher (diesel),48,vw dasher (diesel),48,vw dasher (diesel)
36.4,5,121.0,67,2950,19.9,80,2,audi 5000s (diesel),36.4,5.0,121.0,2950.0,19.9,80.0,2.0,36.4,5.0,121.0,2950.0,19.9,80.0,2.0,36.4,5.0,121.0,2950.0,19.9,80.0,2.0,67,audi 5000s (diesel),67,audi 5000s (diesel),67,audi 5000s (diesel)
30.0,4,146.0,67,3250,21.8,80,2,mercedes-benz 240d,30.0,4.0,146.0,3250.0,21.8,80.0,2.0,30.0,4.0,146.0,3250.0,21.8,80.0,2.0,30.0,4.0,146.0,3250.0,21.8,80.0,2.0,67,mercedes-benz 240d,67,mercedes-benz 240d,67,mercedes-benz 240d
44.6,4,91.0,67,1850,13.8,80,3,honda civic 1500 gl,44.6,4.0,91.0,1850.0,13.8,80.0,3.0,44.6,4.0,91.0,1850.0,13.8,80.0,3.0,44.6,4.0,91.0,1850.0,13.8,80.0,3.0,67,honda civic 1500 gl,67,honda civic 1500 gl,67,honda civic 1500 gl
40.9,4,85.0,?,1835,17.3,80,2,renault lecar deluxe,40.9,4.0,85.0,1835.0,17.3,80.0,2.0,40.9,4.0,85.0,1835.0,17.3,80.0,2.0,40.9,4.0,85.0,1835.0,17.3,80.0,2.0,?,renault lecar deluxe,?,renault lecar deluxe,?,renault lecar deluxe
33.8,4,97.0,67,2145,18.0,80,3,subaru dl,33.8,4.0,97.0,2145.0,18.0,80.0,3.0,33.8,4.0,97.0,2145.0,18.0,80.0,3.0,33.8,4.0,97.0,2145.0,18.0,80.0,3.0,67,subaru dl,67,subaru dl,67,subaru dl
29.8,4,89.0,62,1845,15.3,80,2,vokswagen rabbit,29.8,4.0,89.0,1845.0,15.3,80.0,2.0,29.8,4.0,89.0,1845.0,15.3,80.0,2.0,29.8,4.0,89.0,1845.0,15.3,80.0,2.0,62,vokswagen rabbit,62,vokswagen rabbit,62,vokswagen rabbit
32.7,6,168.0,132,2910,11.4,80,3,datsun 280-zx,32.7,6.0,168.0,2910.0,11.4,80.0,3.0,32.7,6.0,168.0,2910.0,11.4,80.0,3.0,32.7,6.0,168.0,2910.0,11.4,80.0,3.0,132,datsun 280-zx,132,datsun 280-zx,132,datsun 280-zx
23.7,3,70.0,100,2420,12.5,80,3,mazda rx-7 gs,23.7,3.0,70.0,2420.0,12.5,80.0,3.0,23.7,3.0,70.0,2420.0,12.5,80.0,3.0,23.7,3.0,70.0,2420.0,12.5,80.0,3.0,100,mazda rx-7 gs,100,mazda rx-7 gs,100,mazda rx-7 gs
35.0,4,122.0,88,2500,15.1,80,2,triumph tr7 coupe,35.0,4.0,122.0,2500.0,15.1,80.0,2.0,35.0,4.0,122.0,2500.0,15.1,80.0,2.0,35.0,4.0,122.0,2500.0,15.1,80.0,2.0,88,triumph tr7 coupe,88,triumph tr7 coupe,88,triumph tr7 coupe
23.6,4,140.0,?,2905,14.3,80,1,ford mustang cobra,23.6,4.0,140.0,2905.0,14.3,80.0,1.0,23.6,4.0,140.0,2905.0,14.3,80.0,1.0,23.6,4.0,140.0,2905.0,14.3,80.0,1.0,?,ford mustang cobra,?,ford mustang cobra,?,ford mustang cobra
32.4,4,107.0,72,2290,17.0,80,3,honda accord,32.4,4.0,107.0,2290.0,17.0,80.0,3.0,32.4,4.0,107.0,2290.0,17.0,80.0,3.0,32.4,4.0,107.0,2290.0,17.0,80.0,3.0,72,honda accord,72,honda accord,72,honda accord
27.2,4,135.0,84,2490,15.7,81,1,plymouth reliant,27.2,4.0,135.0,2490.0,15.7,81.0,1.0,27.2,4.0,135.0,2490.0,15.7,81.0,1.0,27.2,4.0,135.0,2490.0,15.7,81.0,1.0,84,plymouth reliant,84,plymouth reliant,84,plymouth reliant
26.6,4,151.0,84,2635,16.4,81,1,buick skylark,26.6,4.0,151.0,2635.0,16.4,81.0,1.0,26.6,4.0,151.0,2635.0,16.4,81.0,1.0,26.6,4.0,151.0,2635.0,16.4,81.0,1.0,84,buick skylark,84,buick skylark,84,buick skylark
25.8,4,156.0,92,2620,14.4,81,1,dodge aries wagon (sw),25.8,4.0,156.0,2620.0,14.4,81.0,1.0,25.8,4.0,156.0,2620.0,14.4,81.0,1.0,25.8,4.0,156.0,2620.0,14.4,81.0,1.0,92,dodge aries wagon (sw),92,dodge aries wagon (sw),92,dodge aries wagon (sw)
23.5,6,173.0,110,2725,12.6,81,1,chevrolet citation,23.5,6.0,173.0,2725.0,12.6,81.0,1.0,23.5,6.0,173.0,2725.0,12.6,81.0,1.0,23.5,6.0,173.0,2725.0,12.6,81.0,1.0,110,chevrolet citation,110,chevrolet citation,110,chevrolet citation
30.0,4,135.0,84,2385,12.9,81,1,plymouth reliant,30.0,4.0,135.0,2385.0,12.9,81.0,1.0,30.0,4.0,135.0,2385.0,12.9,81.0,1.0,30.0,4.0,135.0,2385.0,12.9,81.0,1.0,84,plymouth reliant,84,plymouth reliant,84,plymouth reliant
39.1,4,79.0,58,1755,16.9,81,3,toyota starlet,39.1,4.0,79.0,1755.0,16.9,81.0,3.0,39.1,4.0,79.0,1755.0,16.9,81.0,3.0,39.1,4.0,79.0,1755.0,16.9,81.0,3.0,58,toyota starlet,58,toyota starlet,58,toyota starlet
39.0,4,86.0,64,1875,16.4,81,1,plymouth champ,39.0,4.0,86.0,1875.0,16.4,81.0,1.0,39.0,4.0,86.0,1875.0,16.4,81.0,1.0,39.0,4.0,86.0,1875.0,16.4,81.0,1.0,64,plymouth champ,64,plymouth champ,64,plymouth champ
35.1,4,81.0,60,1760,16.1,81,3,honda civic 1300,35.1,4.0,81.0,1760.0,16.1,81.0,3.0,35.1,4.0,81.0,1760.0,16.1,81.0,3.0,35.1,4.0,81.0,1760.0,16.1,81.0,3.0,60,honda civic 1300,60,honda civic 1300,60,honda civic 1300
32.3,4,97.0,67,2065,17.8,81,3,subaru,32.3,4.0,97.0,2065.0,17.8,81.0,3.0,32.3,4.0,97.0,2065.0,17.8,81.0,3.0,32.3,4.0,97.0,2065.0,17.8,81.0,3.0,67,subaru,67,subaru,67,subaru
37.0,4,85.0,65,1975,19.4,81,3,datsun 210 mpg,37.0,4.0,85.0,1975.0,19.4,81.0,3.0,37.0,4.0,85.0,1975.0,19.4,81.0,3.0,37.0,4.0,85.0,1975.0,19.4,81.0,3.0,65,datsun 210 mpg,65,datsun 210 mpg,65,datsun 210 mpg
37.7,4,89.0,62,2050,17.3,81,3,toyota tercel,37.7,4.0,89.0,2050.0,17.3,81.0,3.0,37.7,4.0,89.0,2050.0,17.3,81.0,3.0,37.7,4.0,89.0,2050.0,17.3,81.0,3.0,62,toyota tercel,62,toyota tercel,62,toyota tercel
34.1,4,91.0,68,1985,16.0,81,3,mazda glc 4,34.1,4.0,91.0,1985.0,16.0,81.0,3.0,34.1,4.0,91.0,1985.0,16.0,81.0,3.0,34.1,4.0,91.0,1985.0,16.0,81.0,3.0,68,mazda glc 4,68,mazda glc 4,68,mazda glc 4
34.7,4,105.0,63,2215,14.9,81,1,plymouth horizon 4,34.7,4.0,105.0,2215.0,14.9,81.0,1.0,34.7,4.0,105.0,2215.0,14.9,81.0,1.0,34.7,4.0,105.0,2215.0,14.9,81.0,1.0,63,plymouth horizon 4,63,plymouth horizon 4,63,plymouth horizon 4
34.4,4,98.0,65,2045,16.2,81,1,ford escort 4w,34.4,4.0,98.0,2045.0,16.2,81.0,1.0,34.4,4.0,98.0,2045.0,16.2,81.0,1.0,34.4,4.0,98.0,2045.0,16.2,81.0,1.0,65,ford escort 4w,65,ford escort 4w,65,ford escort 4w
29.9,4,98.0,65,2380,20.7,81,1,ford escort 2h,29.9,4.0,98.0,2380.0,20.7,81.0,1.0,29.9,4.0,98.0,2380.0,20.7,81.0,1.0,29.9,4.0,98.0,2380.0,20.7,81.0,1.0,65,ford escort 2h,65,ford escort 2h,65,ford escort 2h
33.0,4,105.0,74,2190,14.2,81,2,volkswagen jetta,33.0,4.0,105.0,2190.0,14.2,81.0,2.0,33.0,4.0,105.0,2190.0,14.2,81.0,2.0,33.0,4.0,105.0,2190.0,14.2,81.0,2.0,74,volkswagen jetta,74,volkswagen jetta,74,volkswagen jetta
34.5,4,100.0,?,2320,15.8,81,2,renault 18i,34.5,4.0,100.0,2320.0,15.8,81.0,2.0,34.5,4.0,100.0,2320.0,15.8,81.0,2.0,34.5,4.0,100.0,2320.0,15.8,81.0,2.0,?,renault 18i,?,renault 18i,?,renault 18i
33.7,4,107.0,75,2210,14.4,81,3,honda prelude,33.7,4.0,107.0,2210.0,14.4,81.0,3.0,33.7,4.0,107.0,2210.0,14.4,81.0,3.0,33.7,4.0,107.0,2210.0,14.4,81.0,3.0,75,honda prelude,75,honda prelude,75,honda prelude
32.4,4,108.0,75,2350,16.8,81,3,toyota corolla,32.4,4.0,108.0,2350.0,16.8,81.0,3.0,32.4,4.0,108.0,2350.0,16.8,81.0,3.0,32.4,4.0,108.0,2350.0,16.8,81.0,3.0,75,toyota corolla,75,toyota corolla,75,toyota corolla
32.9,4,119.0,100,2615,14.8,81,3,datsun 200sx,32.9,4.0,119.0,2615.0,14.8,81.0,3.0,32.9,4.0,119.0,2615.0,14.8,81.0,3.0,32.9,4.0,119.0,2615.0,14.8,81.0,3.0,100,datsun 200sx,100,datsun 200sx,100,datsun 200sx
31.6,4,120.0,74,2635,18.3,81,3,mazda 626,31.6,4.0,120.0,2635.0,18.3,81.0,3.0,31.6,4.0,120.0,2635.0,18.3,81.0,3.0,31.6,4.0,120.0,2635.0,18.3,81.0,3.0,74,mazda 626,74,mazda 626,74,mazda 626
28.1,4,141.0,80,3230,20.4,81,2,peugeot 505s turbo diesel,28.1,4.0,141.0,3230.0,20.4,81.0,2.0,28.1,4.0,141.0,3230.0,20.4,81.0,2.0,28.1,4.0,141.0,3230.0,20.4,81.0,2.0,80,peugeot 505s turbo diesel,80,peugeot 505s turbo diesel,80,peugeot 505s turbo diesel
30.7,6,145.0,76,3160,19.6,81,2,volvo diesel,30.7,6.0,145.0,3160.0,19.6,81.0,2.0,30.7,6.0,145.0,3160.0,19.6,81.0,2.0,30.7,6.0,145.0,3160.0,19.6,81.0,2.0,76,volvo diesel,76,volvo diesel,76,volvo diesel
25.4,6,168.0,116,2900,12.6,81,3,toyota cressida,25.4,6.0,168.0,2900.0,12.6,81.0,3.0,25.4,6.0,168.0,2900.0,12.6,81.0,3.0,25.4,6.0,168.0,2900.0,12.6,81.0,3.0,116,toyota cressida,116,toyota cressida,116,toyota cressida
24.2,6,146.0,120,2930,13.8,81,3,datsun 810 maxima,24.2,6.0,146.0,2930.0,13.8,81.0,3.0,24.2,6.0,146.0,2930.0,13.8,81.0,3.0,24.2,6.0,146.0,2930.0,13.8,81.0,3.0,120,datsun 810 maxima,120,datsun 810 maxima,120,datsun 810 maxima
22.4,6,231.0,110,3415,15.8,81,1,buick century,22.4,6.0,231.0,3415.0,15.8,81.0,1.0,22.4,6.0,231.0,3415.0,15.8,81.0,1.0,22.4,6.0,231.0,3415.0,15.8,81.0,1.0,110,buick century,110,buick century,110,buick century
26.6,8,350.0,105,3725,19.0,81,1,oldsmobile cutlass ls,26.6,8.0,350.0,3725.0,19.0,81.0,1.0,26.6,8.0,350.0,3725.0,19.0,81.0,1.0,26.6,8.0,350.0,3725.0,19.0,81.0,1.0,105,oldsmobile cutlass ls,105,oldsmobile cutlass ls,105,oldsmobile cutlass ls
20.2,6,200.0,88,3060,17.1,81,1,ford granada gl,20.2,6.0,200.0,3060.0,17.1,81.0,1.0,20.2,6.0,200.0,3060.0,17.1,81.0,1.0,20.2,6.0,200.0,3060.0,17.1,81.0,1.0,88,ford granada gl,88,ford granada gl,88,ford granada gl
17.6,6,225.0,85,3465,16.6,81,1,chrysler lebaron salon,17.6,6.0,225.0,3465.0,16.6,81.0,1.0,17.6,6.0,225.0,3465.0,16.6,81.0,1.0,17.6,6.0,225.0,3465.0,16.6,81.0,1.0,85,chrysler lebaron salon,85,chrysler lebaron salon,85,chrysler lebaron salon
28.0,4,112.0,88,2605,19.6,82,1,chevrolet cavalier,28.0,4.0,112.0,2605.0,19.6,82.0,1.0,28.0,4.0,112.0,2605.0,19.6,82.0,1.0,28.0,4.0,112.0,2605.0,19.6,82.0,1.0,88,chevrolet cavalier,88,chevrolet cavalier,88,chevrolet cavalier
27.0,4,112.0,88,2640,18.6,82,1,chevrolet cavalier wagon,27.0,4.0,112.0,2640.0,18.6,82.0,1.0,27.0,4.0,112.0,2640.0,18.6,82.0,1.0,27.0,4.0,112.0,2640.0,18.6,82.0,1.0,88,chevrolet cavalier wagon,88,chevrolet cavalier wagon,88,chevrolet cavalier wagon
34.0,4,112.0,88,2395,18.0,82,1,chevrolet cavalier 2-door,34.0,4.0,112.0,2395.0,18.0,82.0,1.0,34.0,4.0,112.0,2395.0,18.0,82.0,1.0,34.0,4.0,112.0,2395.0,18.0,82.0,1.0,88,chevrolet cavalier 2-door,88,chevrolet cavalier 2-door,88,chevrolet cavalier 2-door
31.0,4,112.0,85,2575,16.2,82,1,pontiac j2000 se hatchback,31.0,4.0,112.0,2575.0,16.2,82.0,1.0,31.0,4.0,112.0,2575.0,16.2,82.0,1.0,31.0,4.0,112.0,2575.0,16.2,82.0,1.0,85,pontiac j2000 se hatchback,85,pontiac j2000 se hatchback,85,pontiac j2000 se hatchback
29.0,4,135.0,84,2525,16.0,82,1,dodge aries se,29.0,4.0,135.0,2525.0,16.0,82.0,1.0,29.0,4.0,135.0,2525.0,16.0,82.0,1.0,29.0,4.0,135.0,2525.0,16.0,82.0,1.0,84,dodge aries se,84,dodge aries se,84,dodge aries se
27.0,4,151.0,90,2735,18.0,82,1,pontiac phoenix,27.0,4.0,151.0,2735.0,18.0,82.0,1.0,27.0,4.0,151.0,2735.0,18.0,82.0,1.0,27.0,4.0,151.0,2735.0,18.0,82.0,1.0,90,pontiac phoenix,90,pontiac phoenix,90,pontiac phoenix
24.0,4,140.0,92,2865,16.4,82,1,ford fairmont futura,24.0,4.0,140.0,2865.0,16.4,82.0,1.0,24.0,4.0,140.0,2865.0,16.4,82.0,1.0,24.0,4.0,140.0,2865.0,16.4,82.0,1.0,92,ford fairmont futura,92,ford fairmont futura,92,ford fairmont futura
23.0,4,151.0,?,3035,20.5,82,1,amc concord dl,23.0,4.0,151.0,3035.0,20.5,82.0,1.0,23.0,4.0,151.0,3035.0,20.5,82.0,1.0,23.0,4.0,151.0,3035.0,20.5,82.0,1.0,?,amc concord dl,?,amc concord dl,?,amc concord dl
36.0,4,105.0,74,1980,15.3,82,2,volkswagen rabbit l,36.0,4.0,105.0,1980.0,15.3,82.0,2.0,36.0,4.0,105.0,1980.0,15.3,82.0,2.0,36.0,4.0,105.0,1980.0,15.3,82.0,2.0,74,volkswagen rabbit l,74,volkswagen rabbit l,74,volkswagen rabbit l
37.0,4,91.0,68,2025,18.2,82,3,mazda glc custom l,37.0,4.0,91.0,2025.0,18.2,82.0,3.0,37.0,4.0,91.0,2025.0,18.2,82.0,3.0,37.0,4.0,91.0,2025.0,18.2,82.0,3.0,68,mazda glc custom l,68,mazda glc custom l,68,mazda glc custom l
31.0,4,91.0,68,1970,17.6,82,3,mazda glc custom,31.0,4.0,91.0,1970.0,17.6,82.0,3.0,31.0,4.0,91.0,1970.0,17.6,82.0,3.0,31.0,4.0,91.0,1970.0,17.6,82.0,3.0,68,mazda glc custom,68,mazda glc custom,68,mazda glc custom
38.0,4,105.0,63,2125,14.7,82,1,plymouth horizon miser,38.0,4.0,105.0,2125.0,14.7,82.0,1.0,38.0,4.0,105.0,2125.0,14.7,82.0,1.0,38.0,4.0,105.0,2125.0,14.7,82.0,1.0,63,plymouth horizon miser,63,plymouth horizon miser,63,plymouth horizon miser
36.0,4,98.0,70,2125,17.3,82,1,mercury lynx l,36.0,4.0,98.0,2125.0,17.3,82.0,1.0,36.0,4.0,98.0,2125.0,17.3,82.0,1.0,36.0,4.0,98.0,2125.0,17.3,82.0,1.0,70,mercury lynx l,70,mercury lynx l,70,mercury lynx l
36.0,4,120.0,88,2160,14.5,82,3,nissan stanza xe,36.0,4.0,120.0,2160.0,14.5,82.0,3.0,36.0,4.0,120.0,2160.0,14.5,82.0,3.0,36.0,4.0,120.0,2160.0,14.5,82.0,3.0,88,nissan stanza xe,88,nissan stanza xe,88,nissan stanza xe
36.0,4,107.0,75,2205,14.5,82,3,honda accord,36.0,4.0,107.0,2205.0,14.5,82.0,3.0,36.0,4.0,107.0,2205.0,14.5,82.0,3.0,36.0,4.0,107.0,2205.0,14.5,82.0,3.0,75,honda accord,75,honda accord,75,honda accord
34.0,4,108.0,70,2245,16.9,82,3,toyota corolla,34.0,4.0,108.0,2245.0,16.9,82.0,3.0,34.0,4.0,108.0,2245.0,16.9,82.0,3.0,34.0,4.0,108.0,2245.0,16.9,82.0,3.0,70,toyota corolla,70,toyota corolla,70,toyota corolla
38.0,4,91.0,67,1965,15.0,82,3,honda civic,38.0,4.0,91.0,1965.0,15.0,82.0,3.0,38.0,4.0,91.0,1965.0,15.0,82.0,3.0,38.0,4.0,91.0,1965.0,15.0,82.0,3.0,67,honda civic,67,honda civic,67,honda civic
32.0,4,91.0,67,1965,15.7,82,3,honda civic (auto),32.0,4.0,91.0,1965.0,15.7,82.0,3.0,32.0,4.0,91.0,1965.0,15.7,82.0,3.0,32.0,4.0,91.0,1965.0,15.7,82.0,3.0,67,honda civic (auto),67,honda civic (auto),67,honda civic (auto)
38.0,4,91.0,67,1995,16.2,82,3,datsun 310 gx,38.0,4.0,91.0,1995.0,16.2,82.0,3.0,38.0,4.0,91.0,1995.0,16.2,82.0,3.0,38.0,4.0,91.0,1995.0,16.2,82.0,3.0,67,datsun 310 gx,67,datsun 310 gx,67,datsun 310 gx
25.0,6,181.0,110,2945,16.4,82,1,buick century limited,25.0,6.0,181.0,2945.0,16.4,82.0,1.0,25.0,6.0,181.0,2945.0,16.4,82.0,1.0,25.0,6.0,181.0,2945.0,16.4,82.0,1.0,110,buick century limited,110,buick century limited,110,buick century limited
38.0,6,262.0,85,3015,17.0,82,1,oldsmobile cutlass ciera (diesel),38.0,6.0,262.0,3015.0,17.0,82.0,1.0,38.0,6.0,262.0,3015.0,17.0,82.0,1.0,38.0,6.0,262.0,3015.0,17.0,82.0,1.0,85,oldsmobile cutlass ciera (diesel),85,oldsmobile cutlass ciera (diesel),85,oldsmobile cutlass ciera (diesel)
26.0,4,156.0,92,2585,14.5,82,1,chrysler lebaron medallion,26.0,4.0,156.0,2585.0,14.5,82.0,1.0,26.0,4.0,156.0,2585.0,14.5,82.0,1.0,26.0,4.0,156.0,2585.0,14.5,82.0,1.0,92,chrysler lebaron medallion,92,chrysler lebaron medallion,92,chrysler lebaron medallion
22.0,6,232.0,112,2835,14.7,82,1,ford granada l,22.0,6.0,232.0,2835.0,14.7,82.0,1.0,22.0,6.0,232.0,2835.0,14.7,82.0,1.0,22.0,6.0,232.0,2835.0,14.7,82.0,1.0,112,ford granada l,112,ford granada l,112,ford granada l
32.0,4,144.0,96,2665,13.9,82,3,toyota celica gt,32.0,4.0,144.0,2665.0,13.9,82.0,3.0,32.0,4.0,144.0,2665.0,13.9,82.0,3.0,32.0,4.0,144.0,2665.0,13.9,82.0,3.0,96,toyota celica gt,96,toyota celica gt,96,toyota celica gt
36.0,4,135.0,84,2370,13.0,82,1,dodge charger 2.2,36.0,4.0,135.0,2370.0,13.0,82.0,1.0,36.0,4.0,135.0,2370.0,13.0,82.0,1.0,36.0,4.0,135.0,2370.0,13.0,82.0,1.0,84,dodge charger 2.2,84,dodge charger 2.2,84,dodge charger 2.2
27.0,4,151.0,90,2950,17.3,82,1,chevrolet camaro,27.0,4.0,151.0,2950.0,17.3,82.0,1.0,27.0,4.0,151.0,2950.0,17.3,82.0,1.0,27.0,4.0,151.0,2950.0,17.3,82.0,1.0,90,chevrolet camaro,90,chevrolet camaro,90,chevrolet camaro
27.0,4,140.0,86,2790,15.6,82,1,ford mustang gl,27.0,4.0,140.0,2790.0,15.6,82.0,1.0,27.0,4.0,140.0,2790.0,15.6,82.0,1.0,27.0,4.0,140.0,2790.0,15.6,82.0,1.0,86,ford mustang gl,86,ford mustang gl,86,ford mustang gl
44.0,4,97.0,52,2130,24.6,82,2,vw pickup,44.0,4.0,97.0,2130.0,24.6,82.0,2.0,44.0,4.0,97.0,2130.0,24.6,82.0,2.0,44.0,4.0,97.0,2130.0,24.6,82.0,2.0,52,vw pickup,52,vw pickup,52,vw pickup
32.0,4,135.0,84,2295,11.6,82,1,dodge rampage,32.0,4.0,135.0,2295.0,11.6,82.0,1.0,32.0,4.0,135.0,2295.0,11.6,82.0,1.0,32.0,4.0,135.0,2295.0,11.6,82.0,1.0,84,dodge rampage,84,dodge rampage,84,dodge rampage
28.0,4,120.0,79,2625,18.6,82,1,ford ranger,28.0,4.0,120.0,2625.0,18.6,82.0,1.0,28.0,4.0,120.0,2625.0,18.6,82.0,1.0,28.0,4.0,120.0,2625.0,18.6,82.0,1.0,79,ford ranger,79,ford ranger,79,ford ranger
31.0,4,119.0,82,2720,19.4,82,1,chevy s-10,31.0,4.0,119.0,2720.0,19.4,82.0,1.0,31.0,4.0,119.0,2720.0,19.4,82.0,1.0,31.0,4.0,119.0,2720.0,19.4,82.0,1.0,82,chevy s-10,82,chevy s-10,82,chevy s-10
